Study Hours,Punctuality,Year 1 Semester 1 GPA,Year 1 Semester 2 GPA,Year 2 Semester 1 GPA,Predicted Performance
3,38,3.67,3.31,2.43,Distinction
3,38,2.39,1.95,2.63,Upper Credit
3,38,0.31,1.04,1.17,Lower Credit
3,38,1.16,1.9,2.81,Lower Credit
3,38,0.59,3.51,0.12,Lower Credit
6,43,0.06,1.12,1.25,Lower Credit
6,43,3.08,2.75,3.68,Distinction
6,43,0.89,3.71,1.02,Lower Credit
6,43,2.76,2.27,0.84,Lower Credit
6,43,3.8,0.83,3.45,Upper Credit
7,34,0.44,0.3,0.29,Lower Credit
7,34,0.2,0.06,0.76,Lower Credit
7,34,0.53,1.85,2.41,Lower Credit
7,34,1.82,0.15,0.9,Lower Credit
7,34,3.9,2.45,0.26,Upper Credit
10,30,0.24,2.07,0.84,Lower Credit
10,30,0.22,2.97,2.03,Lower Credit
10,30,1.82,2.17,1.49,Lower Credit
10,30,3.06,2.37,3.02,Upper Credit
10,30,2.45,3.93,1.2,Upper Credit
5,84,1.97,0.03,1.66,Lower Credit
5,84,1.79,1.55,1.87,Lower Credit
5,84,0.23,3.1,0.19,Lower Credit
5,84,3.57,1.27,3.74,Upper Credit
5,84,2.72,1.85,3.13,Upper Credit
2,81,0.78,3.91,1.52,Upper Credit
2,81,1.32,1.46,0.86,Lower Credit
2,81,1.21,2.65,2.45,Upper Credit
2,81,2.64,0.29,2.3,Lower Credit
2,81,0.72,0.04,2.97,Lower Credit
8,93,0.74,0.62,3.1,Lower Credit
8,93,2.78,2.11,2.43,Upper Credit
8,93,3.36,0.8,1.5,Lower Credit
8,93,3.53,0.59,2.68,Upper Credit
8,93,2.73,0.2,1.18,Lower Credit
8,32,3.37,2.48,3.43,Distinction
8,32,1.79,0.38,0.95,Lower Credit
8,32,3.41,1.8,2.41,Upper Credit
8,32,2.26,2.02,1.67,Lower Credit
8,32,1.85,1.03,0.46,Lower Credit
5,55,3.62,2.94,3.76,Distinction
5,55,2.5,3.79,2.03,Upper Credit
5,55,3.29,1.18,2.65,Upper Credit
5,55,0.14,0.68,0.82,Lower Credit
5,55,3.99,3.24,1.79,Distinction
9,46,0.4,0.38,2.49,Lower Credit
9,46,2.23,1.65,2.89,Upper Credit
9,46,2.54,0.02,1.49,Lower Credit
9,46,0.53,1.5,2.24,Lower Credit
9,46,1.24,2.46,2.24,Lower Credit
7,64,1.2,1.67,1.46,Lower Credit
7,64,0.5,1.98,1.45,Lower Credit
7,64,0.67,3.75,3.15,Upper Credit
7,64,2.36,2.57,2.78,Upper Credit
7,64,3.56,0.12,0.33,Lower Credit
2,40,1.76,2.36,2.22,Upper Credit
2,40,2.9,1.86,0.24,Lower Credit
2,40,0.24,0.45,3.7,Lower Credit
2,40,2.84,1.75,2.84,Upper Credit
2,40,3.58,0.86,3.9,Upper Credit
10,31,3.63,1.27,3.4,Upper Credit
10,31,2.27,0.29,1.68,Lower Credit
10,31,2.51,0.79,0.4,Lower Credit
10,31,1.86,3.06,2.68,Upper Credit
10,31,2.13,3.66,3.33,Distinction
10,86,0.0,1.04,4.0,Lower Credit
10,86,1.35,1.61,0.54,Lower Credit
10,86,0.05,3.7,3.83,Upper Credit
10,86,1.73,3.91,2.3,Upper Credit
10,86,0.06,0.7,1.89,Lower Credit
9,63,0.73,3.76,3.74,Upper Credit
9,63,1.19,1.24,2.9,Lower Credit
9,63,1.02,1.44,0.42,Lower Credit
9,63,2.4,0.9,3.94,Upper Credit
9,63,1.63,3.65,3.94,Distinction
6,34,0.74,2.3,3.6,Upper Credit
6,34,0.35,3.51,3.46,Upper Credit
6,34,3.08,0.85,2.71,Upper Credit
6,34,1.52,1.14,2.59,Lower Credit
6,34,1.91,0.94,0.68,Lower Credit
9,55,2.42,1.22,2.19,Lower Credit
9,55,1.3,1.44,1.75,Lower Credit
9,55,1.33,0.27,3.68,Lower Credit
9,55,0.86,3.43,3.79,Upper Credit
9,55,1.63,2.0,2.82,Upper Credit
9,91,3.51,3.8,1.4,Upper Credit
9,91,3.93,3.9,1.18,Distinction
9,91,1.89,2.28,3.96,Upper Credit
9,91,3.0,2.83,0.86,Upper Credit
9,91,3.66,0.92,2.11,Upper Credit
4,36,0.22,2.7,3.71,Upper Credit
4,36,2.56,2.2,3.26,Upper Credit
4,36,2.25,1.49,2.16,Lower Credit
4,36,0.44,3.9,1.22,Lower Credit
4,36,0.44,1.84,3.74,Upper Credit
5,30,3.96,1.79,0.11,Lower Credit
5,30,3.36,0.7,1.19,Lower Credit
5,30,1.59,2.97,0.88,Lower Credit
5,30,2.19,0.3,1.04,Lower Credit
5,30,0.41,2.27,2.72,Lower Credit
10,26,3.94,1.94,2.34,Upper Credit
10,26,1.24,3.81,1.04,Upper Credit
10,26,2.75,2.98,1.53,Upper Credit
10,26,3.46,1.43,0.65,Lower Credit
10,26,0.99,3.96,2.7,Upper Credit
5,75,2.64,3.62,1.15,Upper Credit
5,75,1.67,3.07,3.46,Upper Credit
5,75,1.38,1.14,1.77,Lower Credit
5,75,0.01,0.36,1.99,Lower Credit
5,75,3.85,0.33,0.57,Lower Credit
6,100,0.6,3.52,2.82,Upper Credit
6,100,3.64,0.53,3.76,Upper Credit
6,100,3.21,2.08,2.77,Upper Credit
6,100,0.09,2.19,1.77,Lower Credit
6,100,2.49,3.91,0.46,Upper Credit
5,28,1.29,1.99,1.31,Lower Credit
5,28,2.63,3.59,3.37,Distinction
5,28,1.31,3.31,0.89,Lower Credit
5,28,2.55,2.15,2.85,Upper Credit
5,28,1.17,3.55,2.04,Upper Credit
3,38,1.47,1.75,2.06,Lower Credit
3,38,3.56,2.66,1.46,Upper Credit
3,38,0.7,3.46,2.55,Upper Credit
3,38,0.64,0.09,0.48,Lower Credit
3,38,2.25,3.08,3.84,Distinction
2,39,2.29,2.39,1.12,Lower Credit
2,39,0.99,1.75,0.83,Lower Credit
2,39,0.2,0.54,1.98,Lower Credit
2,39,1.3,3.94,0.69,Lower Credit
2,39,1.72,1.41,3.22,Upper Credit
2,84,3.11,0.3,0.27,Lower Credit
2,84,3.52,3.24,1.16,Upper Credit
2,84,0.09,3.76,2.02,Lower Credit
2,84,2.26,3.61,2.94,Upper Credit
2,84,1.23,2.41,2.4,Upper Credit
4,56,3.48,3.96,2.82,Distinction
4,56,2.08,0.3,0.23,Lower Credit
4,56,0.55,2.92,3.52,Upper Credit
4,56,3.4,2.06,2.84,Upper Credit
4,56,1.84,2.1,2.5,Upper Credit
3,48,3.89,0.27,0.26,Lower Credit
3,48,0.97,2.81,2.01,Lower Credit
3,48,1.9,1.83,2.18,Lower Credit
3,48,0.14,1.16,3.91,Lower Credit
3,48,2.87,3.22,1.49,Upper Credit
2,62,2.67,0.53,1.02,Lower Credit
2,62,2.53,3.48,2.13,Upper Credit
2,62,2.0,1.71,3.58,Upper Credit
2,62,0.35,0.63,0.52,Lower Credit
2,62,0.26,3.62,2.15,Upper Credit
5,39,2.79,3.84,3.39,Distinction
5,39,3.3,2.92,1.62,Upper Credit
5,39,3.38,1.89,2.41,Upper Credit
5,39,0.03,3.54,1.36,Lower Credit
5,39,0.19,2.27,2.25,Lower Credit
4,91,1.11,3.52,0.58,Lower Credit
4,91,1.42,2.07,0.97,Lower Credit
4,91,2.85,1.46,0.26,Lower Credit
4,91,0.29,1.73,2.94,Lower Credit
4,91,2.6,0.75,2.12,Lower Credit
3,76,3.66,0.49,2.88,Upper Credit
3,76,1.13,1.08,3.44,Lower Credit
3,76,0.8,1.94,1.45,Lower Credit
3,76,0.51,0.22,0.58,Lower Credit
3,76,1.59,3.77,1.14,Upper Credit
5,62,2.4,0.43,0.43,Lower Credit
5,62,3.14,0.37,1.27,Lower Credit
5,62,0.28,1.63,2.77,Lower Credit
5,62,2.12,3.31,3.11,Upper Credit
5,62,2.98,1.8,1.84,Upper Credit
7,41,0.09,2.92,0.42,Lower Credit
7,41,2.48,3.7,0.35,Upper Credit
7,41,3.52,3.47,0.91,Upper Credit
7,41,2.41,0.52,1.15,Lower Credit
7,41,2.83,0.92,2.79,Upper Credit
7,71,3.87,1.49,3.67,Distinction
7,71,2.48,0.1,0.09,Lower Credit
7,71,3.24,0.06,2.35,Lower Credit
7,71,1.3,1.94,2.73,Lower Credit
7,71,1.12,2.59,3.56,Upper Credit
4,83,1.28,2.12,0.92,Lower Credit
4,83,1.71,0.13,0.9,Lower Credit
4,83,1.11,1.37,0.98,Lower Credit
4,83,3.51,3.41,1.66,Upper Credit
4,83,0.73,2.22,2.5,Lower Credit
5,28,3.8,3.99,2.28,Distinction
5,28,2.05,1.69,0.88,Lower Credit
5,28,1.35,2.92,0.45,Lower Credit
5,28,3.89,1.52,1.83,Upper Credit
5,28,0.49,2.5,1.08,Lower Credit
9,27,3.61,2.7,0.14,Upper Credit
9,27,1.74,0.61,2.25,Lower Credit
9,27,1.86,1.03,1.15,Lower Credit
9,27,2.56,0.14,0.01,Lower Credit
9,27,2.8,0.69,3.73,Upper Credit
7,80,0.11,1.08,2.89,Lower Credit
7,80,1.07,1.88,2.32,Lower Credit
7,80,1.49,0.65,2.38,Lower Credit
7,80,0.49,2.66,1.54,Lower Credit
7,80,0.07,3.61,0.56,Lower Credit
3,75,3.19,2.95,2.89,Distinction
3,75,0.03,2.74,2.17,Lower Credit
3,75,2.05,1.86,0.78,Lower Credit
3,75,0.05,2.41,3.78,Upper Credit
3,75,1.58,0.3,3.8,Lower Credit
3,65,1.21,2.18,3.9,Upper Credit
3,65,2.22,3.23,3.65,Distinction
3,65,0.26,3.93,1.13,Lower Credit
3,65,1.61,1.44,3.02,Upper Credit
3,65,3.9,0.1,2.1,Upper Credit
7,64,1.24,2.9,2.16,Upper Credit
7,64,2.35,0.65,2.84,Lower Credit
7,64,1.76,2.18,2.49,Upper Credit
7,64,1.95,1.29,2.53,Lower Credit
7,64,0.03,3.48,2.25,Lower Credit
2,68,1.93,0.23,2.0,Lower Credit
2,68,3.87,3.56,2.48,Distinction
2,68,3.42,2.97,2.01,Upper Credit
2,68,2.4,1.52,2.96,Upper Credit
2,68,0.85,1.93,2.99,Lower Credit
4,100,2.44,3.35,0.83,Upper Credit
4,100,1.47,1.16,2.85,Lower Credit
4,100,1.33,3.02,1.8,Upper Credit
4,100,1.34,0.47,1.64,Lower Credit
4,100,3.98,1.43,1.22,Upper Credit
5,48,2.23,0.9,2.01,Lower Credit
5,48,1.35,1.08,0.92,Lower Credit
5,48,3.32,1.71,1.29,Upper Credit
5,48,3.65,3.36,3.15,Distinction
5,48,1.29,3.61,0.6,Lower Credit
6,92,2.65,1.55,1.59,Lower Credit
6,92,0.38,2.08,0.6,Lower Credit
6,92,1.99,0.57,3.52,Upper Credit
6,92,1.33,0.27,0.36,Lower Credit
6,92,1.58,0.5,2.18,Lower Credit
6,63,2.73,1.3,1.48,Lower Credit
6,63,2.67,2.91,3.93,Distinction
6,63,2.09,3.11,1.71,Upper Credit
6,63,2.89,3.36,2.59,Upper Credit
6,63,1.59,0.53,3.52,Lower Credit
9,82,2.29,1.13,2.28,Lower Credit
9,82,3.13,2.79,1.19,Upper Credit
9,82,1.59,2.47,0.02,Lower Credit
9,82,2.27,3.07,2.32,Upper Credit
9,82,3.65,0.16,2.72,Upper Credit
3,71,1.47,3.08,1.29,Lower Credit
3,71,1.24,1.61,1.22,Lower Credit
3,71,3.75,1.14,2.31,Upper Credit
3,71,0.05,0.06,1.94,Lower Credit
3,71,0.93,2.21,1.87,Lower Credit
6,36,0.36,3.81,3.97,Upper Credit
6,36,1.72,2.48,0.73,Lower Credit
6,36,3.18,0.93,0.76,Lower Credit
6,36,3.95,2.1,0.49,Upper Credit
6,36,1.47,1.5,1.03,Lower Credit
9,90,3.18,1.22,0.27,Lower Credit
9,90,2.91,2.76,3.07,Upper Credit
9,90,0.81,1.76,1.88,Lower Credit
9,90,3.19,2.47,3.28,Upper Credit
9,90,1.3,3.76,2.64,Upper Credit
5,67,1.91,2.65,1.12,Lower Credit
5,67,1.41,1.74,0.21,Lower Credit
5,67,2.44,0.38,0.66,Lower Credit
5,67,3.68,2.03,1.74,Upper Credit
5,67,0.12,1.16,2.4,Lower Credit
5,99,2.76,1.29,3.75,Upper Credit
5,99,3.9,0.08,3.87,Upper Credit
5,99,2.95,3.52,2.26,Upper Credit
5,99,2.5,2.41,3.36,Upper Credit
5,99,2.23,1.73,1.03,Lower Credit
6,46,0.5,3.71,0.79,Lower Credit
6,46,1.4,1.69,2.08,Lower Credit
6,46,2.45,0.22,2.22,Lower Credit
6,46,3.8,2.67,3.06,Distinction
6,46,1.6,2.18,3.11,Upper Credit
9,64,1.71,2.5,2.85,Upper Credit
9,64,2.11,0.23,2.39,Lower Credit
9,64,3.51,1.48,0.98,Lower Credit
9,64,3.03,1.61,3.8,Upper Credit
9,64,0.93,0.25,0.29,Lower Credit
10,46,0.97,0.24,0.18,Lower Credit
10,46,0.74,2.23,0.43,Lower Credit
10,46,1.01,3.49,3.24,Upper Credit
10,46,3.88,2.82,3.17,Distinction
10,46,2.46,1.47,0.73,Lower Credit
8,35,3.63,0.84,3.01,Upper Credit
8,35,1.72,2.67,2.09,Upper Credit
8,35,1.07,3.4,2.89,Upper Credit
8,35,3.94,3.07,0.17,Upper Credit
8,35,2.94,2.25,3.28,Upper Credit
8,59,2.61,3.51,3.51,Distinction
8,59,1.45,0.03,0.35,Lower Credit
8,59,0.52,2.27,2.14,Lower Credit
8,59,2.2,2.86,0.33,Lower Credit
8,59,3.47,0.21,0.75,Lower Credit
10,93,0.05,3.22,3.88,Upper Credit
10,93,0.61,3.48,2.58,Upper Credit
10,93,0.9,2.98,3.58,Upper Credit
10,93,1.52,2.73,2.92,Upper Credit
10,93,2.6,0.92,3.69,Upper Credit
10,53,0.35,1.41,0.05,Lower Credit
10,53,3.27,3.52,2.54,Distinction
10,53,1.24,0.46,0.53,Lower Credit
10,53,3.56,1.8,3.05,Upper Credit
10,53,1.57,0.23,0.21,Lower Credit
7,38,1.1,1.76,0.58,Lower Credit
7,38,1.98,3.24,1.18,Upper Credit
7,38,0.55,2.44,0.37,Lower Credit
7,38,3.92,1.7,0.18,Lower Credit
7,38,2.01,2.83,0.42,Lower Credit
7,66,1.2,2.95,0.15,Lower Credit
7,66,2.37,2.66,0.61,Lower Credit
7,66,2.94,1.83,1.97,Upper Credit
7,66,3.68,2.64,1.44,Upper Credit
7,66,2.25,0.5,3.09,Lower Credit
5,48,3.57,0.18,3.27,Upper Credit
5,48,3.41,0.01,3.19,Upper Credit
5,48,3.59,1.89,3.12,Upper Credit
5,48,2.28,1.1,1.67,Lower Credit
5,48,2.57,1.16,2.41,Upper Credit
5,57,3.78,0.27,2.27,Upper Credit
5,57,3.24,0.09,0.55,Lower Credit
5,57,3.38,3.39,1.67,Upper Credit
5,57,1.87,0.41,2.86,Lower Credit
5,57,3.7,0.52,2.33,Upper Credit
3,34,1.07,2.93,2.63,Upper Credit
3,34,1.54,3.2,0.28,Lower Credit
3,34,0.08,2.34,1.8,Lower Credit
3,34,1.31,1.2,2.76,Lower Credit
3,34,3.74,2.85,2.74,Distinction
5,56,2.51,3.19,0.78,Upper Credit
5,56,0.03,1.61,2.9,Lower Credit
5,56,0.88,3.94,3.23,Upper Credit
5,56,1.71,1.45,3.78,Upper Credit
5,56,2.89,1.27,2.02,Upper Credit
9,92,3.17,3.26,3.14,Distinction
9,92,2.92,1.46,3.41,Upper Credit
9,92,2.36,0.26,0.52,Lower Credit
9,92,2.93,3.61,3.76,Distinction
9,92,0.95,1.87,3.04,Lower Credit
6,66,3.96,0.66,1.5,Upper Credit
6,66,2.44,0.86,3.18,Upper Credit
6,66,0.55,3.98,0.71,Lower Credit
6,66,1.14,0.67,3.71,Lower Credit
6,66,0.76,0.07,1.12,Lower Credit
7,76,0.81,1.89,2.87,Lower Credit
7,76,3.15,3.63,0.15,Upper Credit
7,76,0.15,0.91,3.47,Lower Credit
7,76,3.67,0.02,0.76,Lower Credit
7,76,0.87,1.21,1.6,Lower Credit
8,58,3.63,1.11,0.11,Lower Credit
8,58,0.61,2.54,3.75,Upper Credit
8,58,1.38,0.12,2.97,Lower Credit
8,58,0.36,0.64,2.02,Lower Credit
8,58,1.23,2.66,3.4,Upper Credit
3,69,3.79,1.52,2.09,Upper Credit
3,69,0.89,1.15,3.39,Lower Credit
3,69,3.41,1.9,0.64,Lower Credit
3,69,3.1,3.48,1.1,Upper Credit
3,69,0.58,1.96,2.41,Lower Credit
4,62,0.34,2.44,0.59,Lower Credit
4,62,1.45,1.64,1.95,Lower Credit
4,62,1.69,2.91,1.56,Upper Credit
4,62,2.02,1.93,0.51,Lower Credit
4,62,1.54,3.52,2.03,Upper Credit
8,81,3.76,0.29,2.55,Upper Credit
8,81,2.95,3.02,0.42,Upper Credit
8,81,3.38,3.35,2.75,Distinction
8,81,2.15,2.78,1.75,Upper Credit
8,81,2.8,1.63,2.91,Upper Credit
4,77,2.04,0.18,1.51,Lower Credit
4,77,2.42,1.74,3.5,Upper Credit
4,77,1.8,0.49,3.01,Lower Credit
4,77,1.87,1.02,0.9,Lower Credit
4,77,0.84,0.54,1.63,Lower Credit
6,39,2.85,1.91,2.8,Upper Credit
6,39,2.87,0.01,2.81,Lower Credit
6,39,1.52,1.39,1.57,Lower Credit
6,39,2.93,1.66,3.29,Upper Credit
6,39,0.84,1.7,2.56,Lower Credit
2,69,1.45,3.01,1.41,Lower Credit
2,69,3.62,3.89,3.37,Distinction
2,69,3.34,1.36,0.79,Lower Credit
2,69,0.83,3.25,3.67,Upper Credit
2,69,0.7,3.86,2.45,Upper Credit
5,35,1.01,3.12,3.02,Upper Credit
5,35,2.51,0.13,1.59,Lower Credit
5,35,2.81,3.94,0.34,Upper Credit
5,35,0.58,2.74,1.89,Lower Credit
5,35,2.83,2.25,1.24,Upper Credit
2,55,3.7,1.37,2.13,Upper Credit
2,55,0.31,2.76,1.74,Lower Credit
2,55,3.2,1.68,1.08,Lower Credit
2,55,0.23,0.74,1.66,Lower Credit
2,55,2.53,3.46,0.03,Upper Credit
6,47,0.33,0.34,2.85,Lower Credit
6,47,2.23,1.44,1.55,Lower Credit
6,47,3.52,0.02,3.23,Upper Credit
6,47,3.45,3.15,2.77,Distinction
6,47,2.95,3.56,1.71,Upper Credit
9,61,1.55,2.73,2.05,Upper Credit
9,61,0.67,1.71,2.4,Lower Credit
9,61,2.02,3.16,2.72,Upper Credit
9,61,0.67,0.61,0.55,Lower Credit
9,61,0.07,0.84,2.23,Lower Credit
6,42,1.29,2.36,3.31,Upper Credit
6,42,1.15,2.09,0.64,Lower Credit
6,42,1.09,0.47,2.41,Lower Credit
6,42,0.22,3.39,1.19,Lower Credit
6,42,0.83,3.43,1.25,Lower Credit
2,90,2.25,1.14,0.87,Lower Credit
2,90,0.18,1.39,3.7,Lower Credit
2,90,2.35,1.9,0.78,Lower Credit
2,90,2.38,0.35,0.41,Lower Credit
2,90,3.7,0.43,2.5,Upper Credit
9,97,1.61,0.08,0.68,Lower Credit
9,97,0.46,0.91,2.65,Lower Credit
9,97,2.13,2.1,2.68,Upper Credit
9,97,3.13,2.65,1.74,Upper Credit
9,97,1.03,1.85,2.44,Lower Credit
6,83,2.45,0.54,2.11,Lower Credit
6,83,0.51,2.55,1.97,Lower Credit
6,83,0.95,0.73,0.19,Lower Credit
6,83,2.12,0.18,3.04,Lower Credit
6,83,0.95,1.76,3.51,Upper Credit
6,73,3.48,3.41,3.88,Distinction
6,73,2.08,2.08,2.14,Upper Credit
6,73,2.12,0.44,1.55,Lower Credit
6,73,1.13,2.58,0.45,Lower Credit
6,73,1.51,2.57,0.28,Lower Credit
7,39,0.87,0.43,0.11,Lower Credit
7,39,1.56,0.95,1.68,Lower Credit
7,39,3.11,0.28,0.04,Lower Credit
7,39,3.3,2.69,3.78,Distinction
7,39,0.54,2.95,0.79,Lower Credit
5,91,1.3,1.84,0.37,Lower Credit
5,91,3.52,0.6,2.68,Upper Credit
5,91,1.78,0.7,2.81,Lower Credit
5,91,0.54,1.0,3.82,Lower Credit
5,91,0.84,3.89,2.78,Upper Credit
5,39,3.72,3.54,3.79,Distinction
5,39,0.23,0.15,0.5,Lower Credit
5,39,1.08,2.82,3.58,Upper Credit
5,39,1.57,3.25,3.71,Upper Credit
5,39,0.95,2.61,0.19,Lower Credit
9,86,1.83,3.94,1.64,Upper Credit
9,86,1.31,1.61,3.77,Upper Credit
9,86,3.75,3.06,3.94,Distinction
9,86,3.41,0.52,2.63,Upper Credit
9,86,2.58,0.06,1.36,Lower Credit
9,95,0.39,0.36,3.16,Lower Credit
9,95,1.88,3.38,0.39,Lower Credit
9,95,3.81,3.49,0.78,Upper Credit
9,95,2.01,2.06,2.12,Upper Credit
9,95,2.93,3.84,1.78,Upper Credit
9,73,0.39,0.24,3.28,Lower Credit
9,73,2.8,0.54,2.74,Upper Credit
9,73,2.55,3.34,3.71,Distinction
9,73,0.72,2.73,2.6,Upper Credit
9,73,1.69,1.02,0.83,Lower Credit
4,92,1.76,3.52,1.05,Upper Credit
4,92,1.74,2.47,2.91,Upper Credit
4,92,3.42,0.81,3.08,Upper Credit
4,92,1.59,2.01,0.77,Lower Credit
4,92,2.36,3.62,1.73,Upper Credit
9,75,3.99,2.4,3.89,Distinction
9,75,3.58,1.21,1.39,Upper Credit
9,75,2.69,1.96,0.22,Lower Credit
9,75,1.85,2.19,1.41,Lower Credit
9,75,2.77,2.19,1.6,Upper Credit
4,84,2.88,3.85,2.12,Upper Credit
4,84,1.15,0.97,1.87,Lower Credit
4,84,3.34,1.11,1.53,Lower Credit
4,84,0.88,2.27,1.19,Lower Credit
4,84,3.75,3.76,1.79,Distinction
2,88,1.94,1.57,3.25,Upper Credit
2,88,2.31,1.5,1.74,Lower Credit
2,88,0.37,0.83,3.9,Lower Credit
2,88,1.07,2.84,1.67,Lower Credit
2,88,1.64,1.24,3.47,Upper Credit
9,74,0.92,2.73,1.51,Lower Credit
9,74,1.0,0.93,0.01,Lower Credit
9,74,1.64,0.56,0.38,Lower Credit
9,74,3.29,1.63,0.31,Lower Credit
9,74,3.07,3.32,3.15,Distinction
8,94,1.6,2.98,1.09,Lower Credit
8,94,0.52,1.25,1.46,Lower Credit
8,94,2.0,0.44,2.42,Lower Credit
8,94,3.77,1.06,1.71,Upper Credit
8,94,2.19,3.1,3.85,Distinction
3,76,3.26,2.09,0.95,Upper Credit
3,76,0.44,0.16,3.58,Lower Credit
3,76,3.44,0.15,2.12,Lower Credit
3,76,3.51,0.98,0.85,Lower Credit
3,76,0.04,2.86,2.29,Lower Credit
8,86,0.65,1.14,2.09,Lower Credit
8,86,2.69,0.79,1.42,Lower Credit
8,86,3.86,3.33,2.06,Distinction
8,86,2.18,1.8,1.16,Lower Credit
8,86,1.73,0.06,0.62,Lower Credit
9,49,3.39,0.63,0.78,Lower Credit
9,49,3.19,3.74,2.73,Distinction
9,49,3.09,2.27,1.54,Upper Credit
9,49,2.47,3.58,0.5,Upper Credit
9,49,1.64,3.61,0.02,Lower Credit
9,71,2.83,0.59,1.01,Lower Credit
9,71,0.96,0.31,1.37,Lower Credit
9,71,1.19,0.37,1.41,Lower Credit
9,71,0.56,1.75,2.15,Lower Credit
9,71,3.47,0.63,2.7,Upper Credit
5,46,2.16,2.66,1.27,Upper Credit
5,46,2.75,3.65,2.42,Upper Credit
5,46,0.89,3.87,0.27,Lower Credit
5,46,2.57,3.08,3.55,Distinction
5,46,2.2,1.02,3.46,Upper Credit
3,78,2.06,0.23,2.19,Lower Credit
3,78,3.93,3.33,1.45,Upper Credit
3,78,0.77,1.31,2.3,Lower Credit
3,78,2.78,2.71,0.44,Lower Credit
3,78,3.9,2.85,0.67,Upper Credit
6,87,1.3,2.2,0.5,Lower Credit
6,87,2.09,2.89,1.88,Upper Credit
6,87,0.61,1.8,0.65,Lower Credit
6,87,1.76,2.67,0.36,Lower Credit
6,87,3.53,1.01,1.34,Lower Credit
7,53,2.61,0.47,1.43,Lower Credit
7,53,1.34,1.49,3.9,Upper Credit
7,53,3.78,3.03,2.57,Distinction
7,53,2.94,2.36,3.7,Distinction
7,53,2.54,2.74,3.08,Upper Credit
3,47,2.8,3.96,1.32,Upper Credit
3,47,1.67,2.24,3.22,Upper Credit
3,47,1.45,0.23,2.15,Lower Credit
3,47,2.97,1.14,3.09,Upper Credit
3,47,0.33,2.86,1.6,Lower Credit
6,42,3.75,0.04,2.41,Upper Credit
6,42,0.36,1.16,0.84,Lower Credit
6,42,3.69,0.01,3.99,Upper Credit
6,42,2.88,2.52,2.63,Upper Credit
6,42,1.06,3.71,2.43,Upper Credit
6,62,1.41,3.77,3.81,Upper Credit
6,62,2.66,2.46,2.75,Upper Credit
6,62,0.48,0.13,1.4,Lower Credit
6,62,0.87,1.76,1.34,Lower Credit
6,62,0.08,3.51,0.44,Lower Credit
4,65,0.42,1.88,0.48,Lower Credit
4,65,3.97,3.63,2.12,Distinction
4,65,2.33,2.06,0.16,Lower Credit
4,65,2.45,0.09,3.85,Upper Credit
4,65,0.62,1.82,1.51,Lower Credit
4,43,0.08,0.87,1.52,Lower Credit
4,43,2.09,1.2,0.81,Lower Credit
4,43,3.81,3.62,3.36,Distinction
4,43,0.57,2.88,2.31,Lower Credit
4,43,3.25,3.24,2.33,Upper Credit
9,85,1.65,2.95,1.69,Upper Credit
9,85,2.51,3.17,2.8,Upper Credit
9,85,2.76,3.25,3.26,Distinction
9,85,3.24,2.06,3.74,Distinction
9,85,0.7,2.02,3.91,Upper Credit
10,44,0.47,0.66,3.38,Lower Credit
10,44,2.75,3.09,3.18,Distinction
10,44,3.3,1.96,3.7,Upper Credit
10,44,2.29,1.45,2.31,Upper Credit
10,44,2.36,0.64,2.04,Lower Credit
9,79,0.73,3.29,1.86,Lower Credit
9,79,1.77,3.82,2.26,Upper Credit
9,79,3.6,0.42,2.21,Upper Credit
9,79,0.92,0.16,2.42,Lower Credit
9,79,1.62,3.77,3.68,Distinction
3,64,3.89,2.09,2.55,Upper Credit
3,64,1.92,3.84,3.26,Distinction
3,64,0.25,1.2,0.2,Lower Credit
3,64,2.61,2.94,1.43,Upper Credit
3,64,2.11,1.91,3.89,Upper Credit
4,57,0.68,0.7,0.66,Lower Credit
4,57,1.31,0.11,0.21,Lower Credit
4,57,0.28,1.51,3.73,Lower Credit
4,57,2.39,1.09,1.45,Lower Credit
4,57,3.3,2.43,2.82,Upper Credit
5,65,2.46,0.78,3.69,Upper Credit
5,65,2.82,2.09,1.78,Upper Credit
5,65,3.15,1.26,2.07,Upper Credit
5,65,1.15,1.05,1.35,Lower Credit
5,65,0.25,3.07,0.31,Lower Credit
6,30,2.68,0.69,2.58,Lower Credit
6,30,1.21,1.39,2.53,Lower Credit
6,30,0.77,0.17,3.85,Lower Credit
6,30,2.75,1.85,0.99,Lower Credit
6,30,1.51,0.21,1.8,Lower Credit
7,34,3.27,0.1,2.03,Lower Credit
7,34,2.3,0.45,3.7,Upper Credit
7,34,3.61,0.17,0.92,Lower Credit
7,34,2.9,2.02,1.08,Upper Credit
7,34,3.38,2.61,0.13,Upper Credit
3,93,0.66,0.08,3.72,Lower Credit
3,93,3.53,1.77,0.22,Lower Credit
3,93,1.12,0.89,1.3,Lower Credit
3,93,2.35,1.43,0.32,Lower Credit
3,93,0.02,0.69,0.43,Lower Credit
7,30,2.26,1.69,1.27,Lower Credit
7,30,2.13,1.37,3.08,Upper Credit
7,30,3.31,1.54,3.55,Upper Credit
7,30,2.51,3.09,0.81,Upper Credit
7,30,0.41,2.92,2.53,Lower Credit
5,37,1.13,1.51,1.34,Lower Credit
5,37,0.58,2.69,0.63,Lower Credit
5,37,1.26,0.23,3.44,Lower Credit
5,37,0.15,0.81,0.06,Lower Credit
5,37,1.58,1.34,1.89,Lower Credit
10,71,1.51,0.1,2.46,Lower Credit
10,71,2.25,2.16,1.93,Upper Credit
10,71,2.13,0.43,1.71,Lower Credit
10,71,2.91,1.93,1.13,Lower Credit
10,71,1.1,1.28,0.13,Lower Credit
4,80,3.47,2.33,3.53,Distinction
4,80,2.91,1.88,1.15,Lower Credit
4,80,0.46,3.73,1.4,Lower Credit
4,80,0.48,0.09,1.62,Lower Credit
4,80,1.53,0.49,3.34,Lower Credit
8,94,3.48,2.51,0.63,Upper Credit
8,94,2.02,0.78,1.65,Lower Credit
8,94,1.73,2.17,2.01,Lower Credit
8,94,0.45,2.73,1.75,Lower Credit
8,94,1.75,2.51,0.37,Lower Credit
10,54,1.33,3.12,0.42,Lower Credit
10,54,0.65,2.26,1.37,Lower Credit
10,54,1.85,2.51,3.06,Upper Credit
10,54,1.22,3.06,2.19,Upper Credit
10,54,2.02,1.98,3.26,Upper Credit
2,66,0.64,0.11,1.64,Lower Credit
2,66,1.37,0.5,0.27,Lower Credit
2,66,2.55,0.51,2.44,Lower Credit
2,66,2.58,1.46,3.69,Upper Credit
2,66,3.29,2.9,2.3,Upper Credit
7,83,3.56,3.26,2.8,Distinction
7,83,2.66,3.98,0.33,Upper Credit
7,83,3.74,2.2,3.96,Distinction
7,83,1.39,1.27,0.5,Lower Credit
7,83,1.98,2.87,2.96,Upper Credit
8,80,2.96,1.96,3.99,Upper Credit
8,80,3.93,3.59,2.65,Distinction
8,80,2.12,4.0,3.57,Distinction
8,80,3.93,3.58,3.77,Distinction
8,80,0.78,1.07,3.22,Lower Credit
9,95,1.87,0.5,3.36,Lower Credit
9,95,2.71,3.2,2.42,Upper Credit
9,95,2.86,0.22,2.94,Upper Credit
9,95,0.15,2.01,2.81,Lower Credit
9,95,3.91,1.5,0.72,Upper Credit
7,64,0.57,3.0,0.65,Lower Credit
7,64,3.02,2.9,4.0,Distinction
7,64,3.44,2.38,0.06,Lower Credit
7,64,1.79,2.27,1.22,Lower Credit
7,64,2.47,3.8,0.6,Upper Credit
3,46,3.3,2.09,0.43,Lower Credit
3,46,0.66,3.41,0.76,Lower Credit
3,46,0.78,0.82,2.77,Lower Credit
3,46,3.68,2.34,1.99,Upper Credit
3,46,3.84,0.92,0.49,Lower Credit
10,50,2.77,3.48,3.56,Distinction
10,50,3.78,3.02,1.44,Upper Credit
10,50,0.38,1.54,1.51,Lower Credit
10,50,2.55,1.59,0.65,Lower Credit
10,50,0.82,1.78,1.45,Lower Credit
3,97,3.63,1.25,2.72,Upper Credit
3,97,2.89,0.75,3.27,Upper Credit
3,97,2.26,0.93,3.35,Upper Credit
3,97,3.68,1.12,2.98,Upper Credit
3,97,0.99,2.07,2.76,Lower Credit
6,38,2.87,1.03,2.42,Upper Credit
6,38,0.79,2.94,2.14,Lower Credit
6,38,2.94,0.87,1.08,Lower Credit
6,38,1.32,0.98,0.08,Lower Credit
6,38,1.47,1.69,2.85,Upper Credit
8,34,0.03,2.91,2.95,Lower Credit
8,34,0.83,0.09,2.61,Lower Credit
8,34,0.02,3.91,3.15,Upper Credit
8,34,1.24,2.83,2.06,Upper Credit
8,34,3.74,2.84,0.4,Upper Credit
5,32,0.65,3.21,1.64,Lower Credit
5,32,1.01,2.59,3.29,Upper Credit
5,32,0.17,3.33,2.66,Upper Credit
5,32,1.51,2.41,2.92,Upper Credit
5,32,1.93,0.85,0.95,Lower Credit
2,77,2.43,2.89,0.87,Upper Credit
2,77,2.58,1.9,3.74,Upper Credit
2,77,1.55,1.5,2.12,Lower Credit
2,77,2.86,1.68,1.62,Upper Credit
2,77,1.37,3.87,3.22,Upper Credit
2,58,3.69,2.53,1.96,Upper Credit
2,58,0.98,3.46,3.89,Upper Credit
2,58,2.92,1.48,2.32,Upper Credit
2,58,0.97,3.17,2.61,Upper Credit
2,58,3.02,2.51,0.58,Upper Credit
5,32,2.9,3.79,2.39,Distinction
5,32,3.76,0.12,1.3,Lower Credit
5,32,3.21,1.3,2.11,Upper Credit
5,32,3.36,2.25,1.12,Upper Credit
5,32,3.17,3.91,3.25,Distinction
3,30,1.44,1.92,2.29,Lower Credit
3,30,1.0,0.68,1.05,Lower Credit
3,30,3.4,3.67,1.43,Upper Credit
3,30,2.84,1.4,2.19,Upper Credit
3,30,3.0,0.12,3.04,Upper Credit
6,27,1.12,1.06,1.62,Lower Credit
6,27,0.64,1.86,3.65,Upper Credit
6,27,1.5,2.9,3.71,Upper Credit
6,27,1.94,0.87,1.66,Lower Credit
6,27,1.49,1.36,2.42,Lower Credit
6,54,0.62,3.61,0.54,Lower Credit
6,54,2.55,2.48,0.1,Lower Credit
6,54,3.08,1.2,0.74,Lower Credit
6,54,0.54,2.11,0.66,Lower Credit
6,54,1.13,1.65,3.38,Upper Credit
3,61,2.42,0.83,3.96,Upper Credit
3,61,3.05,0.08,0.7,Lower Credit
3,61,2.62,3.95,3.18,Distinction
3,61,2.66,1.49,3.28,Upper Credit
3,61,1.21,2.04,1.39,Lower Credit
9,87,3.08,3.23,3.45,Distinction
9,87,1.37,3.29,2.31,Upper Credit
9,87,3.14,1.54,2.92,Upper Credit
9,87,0.11,3.99,3.86,Upper Credit
9,87,1.21,2.33,3.96,Upper Credit
2,35,2.46,1.1,3.84,Upper Credit
2,35,1.69,1.95,3.62,Upper Credit
2,35,1.64,2.66,3.45,Upper Credit
2,35,1.62,0.89,2.42,Lower Credit
2,35,2.92,1.59,3.17,Upper Credit
9,64,3.39,3.13,1.29,Upper Credit
9,64,2.6,3.92,0.82,Upper Credit
9,64,2.26,0.68,2.11,Lower Credit
9,64,1.51,0.25,2.61,Lower Credit
9,64,3.09,0.96,0.8,Lower Credit
8,32,2.11,2.19,3.71,Upper Credit
8,32,0.78,2.39,1.87,Lower Credit
8,32,3.18,0.67,1.42,Lower Credit
8,32,0.03,3.45,2.01,Lower Credit
8,32,0.12,0.85,3.67,Lower Credit
10,86,3.0,0.34,1.7,Lower Credit
10,86,2.17,3.26,2.2,Upper Credit
10,86,0.98,3.49,3.19,Upper Credit
10,86,3.12,1.72,2.55,Upper Credit
10,86,0.93,1.94,3.03,Lower Credit
9,98,0.19,1.98,1.66,Lower Credit
9,98,1.03,1.78,3.74,Upper Credit
9,98,1.28,1.38,3.17,Lower Credit
9,98,3.92,0.73,2.41,Upper Credit
9,98,0.63,1.34,3.67,Lower Credit
10,89,2.79,0.82,2.02,Lower Credit
10,89,3.41,3.02,1.9,Upper Credit
10,89,0.67,0.06,2.74,Lower Credit
10,89,1.62,3.56,1.4,Upper Credit
10,89,2.16,3.71,1.44,Upper Credit
9,83,2.33,3.22,1.02,Upper Credit
9,83,1.61,0.69,0.8,Lower Credit
9,83,0.96,2.76,3.92,Upper Credit
9,83,0.47,2.87,0.24,Lower Credit
9,83,2.35,0.5,0.82,Lower Credit
4,91,3.82,1.47,0.79,Upper Credit
4,91,0.87,1.0,1.02,Lower Credit
4,91,3.96,2.67,3.37,Distinction
4,91,1.52,1.88,1.47,Lower Credit
4,91,2.06,0.85,3.27,Upper Credit
8,36,1.85,2.24,2.38,Upper Credit
8,36,3.91,1.23,2.03,Upper Credit
8,36,0.09,0.68,4.0,Lower Credit
8,36,0.71,3.29,0.76,Lower Credit
8,36,3.98,3.22,2.72,Distinction
7,57,3.79,1.17,2.76,Upper Credit
7,57,2.96,1.0,1.78,Lower Credit
7,57,3.96,3.12,2.45,Distinction
7,57,0.92,3.56,1.77,Upper Credit
7,57,2.04,3.33,2.74,Upper Credit
3,44,3.35,1.98,0.65,Lower Credit
3,44,3.3,2.56,0.3,Upper Credit
3,44,2.94,0.99,2.22,Upper Credit
3,44,0.66,2.35,1.74,Lower Credit
3,44,2.52,2.41,3.26,Upper Credit
5,38,2.47,1.28,0.03,Lower Credit
5,38,2.68,1.25,2.58,Upper Credit
5,38,2.1,2.25,1.56,Lower Credit
5,38,1.67,1.17,3.59,Upper Credit
5,38,3.07,2.19,0.33,Lower Credit
4,78,3.0,3.45,3.7,Distinction
4,78,2.19,3.29,3.8,Distinction
4,78,1.43,3.77,3.77,Upper Credit
4,78,0.83,1.88,2.46,Lower Credit
4,78,0.91,2.1,3.93,Upper Credit
6,78,2.78,2.38,1.89,Upper Credit
6,78,0.9,0.5,0.26,Lower Credit
6,78,3.95,0.26,0.36,Lower Credit
6,78,2.68,0.94,0.29,Lower Credit
6,78,1.47,0.47,1.09,Lower Credit
2,72,0.18,0.65,3.49,Lower Credit
2,72,1.03,1.2,2.73,Lower Credit
2,72,2.07,3.42,1.83,Upper Credit
2,72,0.9,2.9,1.84,Lower Credit
2,72,3.15,2.07,3.14,Upper Credit
9,82,2.41,2.03,2.39,Upper Credit
9,82,2.14,1.31,0.09,Lower Credit
9,82,0.93,3.18,0.82,Lower Credit
9,82,0.95,2.0,1.68,Lower Credit
9,82,2.12,2.87,1.2,Upper Credit
9,31,2.57,0.64,2.62,Lower Credit
9,31,2.41,0.03,2.17,Lower Credit
9,31,1.12,0.94,0.83,Lower Credit
9,31,2.14,3.74,1.28,Upper Credit
9,31,1.38,0.54,2.64,Lower Credit
8,90,2.94,0.66,1.94,Lower Credit
8,90,3.94,2.2,1.62,Upper Credit
8,90,3.75,3.71,1.0,Upper Credit
8,90,2.92,3.45,1.8,Upper Credit
8,90,3.62,1.97,2.44,Upper Credit
7,85,3.73,0.36,3.35,Upper Credit
7,85,1.26,2.91,0.44,Lower Credit
7,85,1.68,3.88,1.62,Upper Credit
7,85,2.69,3.59,1.77,Upper Credit
7,85,2.12,0.35,1.03,Lower Credit
6,90,0.53,2.94,0.03,Lower Credit
6,90,0.57,3.02,3.81,Upper Credit
6,90,3.45,3.48,0.7,Upper Credit
6,90,0.13,0.5,0.2,Lower Credit
6,90,2.8,3.37,0.91,Upper Credit
9,90,0.23,2.18,2.52,Lower Credit
9,90,2.3,0.22,3.92,Upper Credit
9,90,3.31,1.46,2.05,Upper Credit
9,90,2.68,0.4,2.51,Lower Credit
9,90,3.94,2.16,3.1,Distinction
2,68,2.17,0.2,2.42,Lower Credit
2,68,3.97,2.74,2.59,Distinction
2,68,0.63,2.85,0.16,Lower Credit
2,68,1.5,3.14,1.67,Upper Credit
2,68,2.59,0.24,0.12,Lower Credit
6,43,1.58,0.88,2.38,Lower Credit
6,43,0.35,3.35,2.29,Lower Credit
6,43,1.01,3.03,3.14,Upper Credit
6,43,1.24,3.59,3.93,Upper Credit
6,43,3.45,0.31,0.27,Lower Credit
10,56,2.12,0.12,2.64,Lower Credit
10,56,3.81,2.75,2.39,Upper Credit
10,56,1.8,3.4,1.24,Upper Credit
10,56,3.98,1.35,3.1,Upper Credit
10,56,0.23,0.85,1.64,Lower Credit
8,51,0.54,1.27,1.47,Lower Credit
8,51,1.65,3.35,2.91,Upper Credit
8,51,2.68,0.18,2.69,Lower Credit
8,51,3.9,2.71,3.88,Distinction
8,51,0.33,3.15,0.12,Lower Credit
3,72,1.85,3.4,0.67,Lower Credit
3,72,2.46,2.57,3.1,Upper Credit
3,72,2.94,2.43,1.96,Upper Credit
3,72,2.92,3.36,3.32,Distinction
3,72,1.85,3.05,0.39,Lower Credit
10,36,2.75,3.19,1.18,Upper Credit
10,36,2.09,2.17,3.22,Upper Credit
10,36,2.35,0.49,3.71,Upper Credit
10,36,0.06,1.11,1.07,Lower Credit
10,36,3.15,2.98,2.76,Upper Credit
2,34,0.64,2.99,0.29,Lower Credit
2,34,0.95,1.49,2.12,Lower Credit
2,34,1.23,3.65,3.71,Upper Credit
2,34,1.96,3.49,2.4,Upper Credit
2,34,0.13,0.06,2.06,Lower Credit
5,65,0.18,0.13,3.25,Lower Credit
5,65,2.71,1.35,1.3,Lower Credit
5,65,1.95,1.81,2.22,Lower Credit
5,65,1.63,3.49,3.01,Upper Credit
5,65,2.8,3.07,1.04,Upper Credit
6,37,0.39,2.16,1.27,Lower Credit
6,37,2.98,2.18,2.91,Upper Credit
6,37,1.95,1.55,0.57,Lower Credit
6,37,3.73,3.43,2.25,Distinction
6,37,1.61,0.32,3.31,Lower Credit
9,60,1.52,3.22,2.16,Upper Credit
9,60,3.96,3.82,3.61,Distinction
9,60,2.9,0.1,2.19,Lower Credit
9,60,1.04,2.97,3.58,Upper Credit
9,60,3.3,1.96,2.07,Upper Credit
10,82,2.66,3.69,3.78,Distinction
10,82,0.74,1.5,3.8,Upper Credit
10,82,0.62,0.33,2.99,Lower Credit
10,82,0.84,2.61,2.75,Upper Credit
10,82,2.16,0.38,1.91,Lower Credit
6,78,0.37,2.08,0.12,Lower Credit
6,78,0.97,2.26,1.08,Lower Credit
6,78,3.52,1.52,0.45,Lower Credit
6,78,0.88,2.32,0.79,Lower Credit
6,78,0.37,2.7,2.93,Upper Credit
6,88,2.88,1.65,1.9,Upper Credit
6,88,0.02,3.92,2.19,Upper Credit
6,88,3.25,1.15,3.83,Upper Credit
6,88,3.73,3.59,0.6,Upper Credit
6,88,3.65,3.81,2.74,Distinction
8,47,3.03,2.08,1.43,Upper Credit
8,47,0.88,0.21,0.93,Lower Credit
8,47,0.95,2.97,3.56,Upper Credit
8,47,0.66,1.64,3.58,Lower Credit
8,47,1.54,2.88,3.74,Upper Credit
6,68,2.49,1.87,2.17,Upper Credit
6,68,1.61,0.74,1.53,Lower Credit
6,68,3.67,1.26,0.26,Lower Credit
6,68,0.17,1.72,0.58,Lower Credit
6,68,1.77,2.68,0.12,Lower Credit
10,83,2.54,2.55,2.45,Upper Credit
10,83,1.71,1.14,2.71,Lower Credit
10,83,3.73,2.71,2.73,Distinction
10,83,3.87,0.05,1.01,Lower Credit
10,83,3.7,2.11,2.11,Upper Credit
6,97,0.51,0.81,1.32,Lower Credit
6,97,0.36,2.92,0.52,Lower Credit
6,97,2.1,3.87,2.75,Upper Credit
6,97,1.26,2.51,3.6,Upper Credit
6,97,3.53,1.85,3.81,Distinction
7,25,0.53,2.2,2.38,Lower Credit
7,25,1.21,0.12,0.72,Lower Credit
7,25,3.19,3.78,3.82,Distinction
7,25,1.15,2.8,3.22,Upper Credit
7,25,2.06,2.79,3.77,Upper Credit
6,93,2.77,0.81,3.57,Upper Credit
6,93,0.09,3.67,1.55,Lower Credit
6,93,3.65,2.6,1.15,Upper Credit
6,93,0.15,1.41,1.23,Lower Credit
6,93,1.0,2.32,0.8,Lower Credit
9,30,1.25,1.97,1.0,Lower Credit
9,30,2.38,1.87,3.12,Upper Credit
9,30,0.74,2.83,3.64,Upper Credit
9,30,0.15,0.37,3.52,Lower Credit
9,30,0.38,0.09,1.09,Lower Credit
9,63,1.7,0.69,3.1,Lower Credit
9,63,2.38,3.68,2.22,Upper Credit
9,63,0.34,2.0,2.82,Lower Credit
9,63,0.42,2.49,0.17,Lower Credit
9,63,1.3,0.37,0.59,Lower Credit
9,30,3.14,2.94,2.07,Upper Credit
9,30,2.06,1.57,0.92,Lower Credit
9,30,3.69,1.76,1.81,Upper Credit
9,30,0.59,0.87,2.48,Lower Credit
9,30,0.31,3.49,1.36,Lower Credit
9,42,1.94,0.5,2.87,Lower Credit
9,42,3.83,3.39,1.44,Upper Credit
9,42,1.28,2.32,3.61,Upper Credit
9,42,0.93,2.13,2.03,Lower Credit
9,42,3.16,2.21,3.17,Upper Credit
7,71,1.31,3.37,3.74,Upper Credit
7,71,3.77,2.22,1.62,Upper Credit
7,71,1.0,2.93,0.88,Lower Credit
7,71,2.97,3.25,1.41,Upper Credit
7,71,0.76,2.1,2.77,Lower Credit
5,72,1.56,2.49,3.6,Upper Credit
5,72,0.51,3.91,0.71,Lower Credit
5,72,2.38,1.41,1.84,Lower Credit
5,72,0.52,1.13,0.86,Lower Credit
5,72,3.46,3.67,3.8,Distinction
2,28,1.47,0.71,1.44,Lower Credit
2,28,0.42,0.13,2.29,Lower Credit
2,28,2.99,3.56,0.34,Upper Credit
2,28,2.11,2.81,1.32,Upper Credit
2,28,3.46,0.66,2.25,Upper Credit
10,71,3.34,3.68,1.07,Upper Credit
10,71,1.34,0.77,2.83,Lower Credit
10,71,1.53,3.12,2.24,Upper Credit
10,71,2.51,0.44,3.51,Upper Credit
10,71,1.55,0.79,1.58,Lower Credit
9,76,2.58,1.61,1.18,Lower Credit
9,76,1.69,3.52,2.28,Upper Credit
9,76,3.1,0.72,2.85,Upper Credit
9,76,1.34,1.72,3.07,Upper Credit
9,76,2.94,1.93,3.32,Upper Credit
4,64,1.13,0.51,1.04,Lower Credit
4,64,3.07,2.87,2.12,Upper Credit
4,64,3.02,2.36,1.69,Upper Credit
4,64,1.21,0.27,3.6,Lower Credit
4,64,2.76,3.89,2.85,Distinction
10,71,0.12,3.5,2.39,Upper Credit
10,71,2.87,1.72,3.55,Upper Credit
10,71,1.2,1.85,0.01,Lower Credit
10,71,2.47,0.1,3.91,Upper Credit
10,71,2.07,1.29,2.0,Lower Credit
10,58,0.61,0.39,1.78,Lower Credit
10,58,0.19,2.99,3.59,Upper Credit
10,58,0.91,3.46,0.7,Lower Credit
10,58,1.47,2.93,1.71,Upper Credit
10,58,3.11,1.76,3.84,Upper Credit
2,90,2.93,0.24,3.55,Upper Credit
2,90,2.11,3.19,3.42,Upper Credit
2,90,0.57,1.65,1.3,Lower Credit
2,90,2.78,3.66,3.99,Distinction
2,90,0.27,1.28,3.83,Lower Credit
8,51,2.34,1.93,2.76,Upper Credit
8,51,3.98,0.17,1.2,Lower Credit
8,51,2.62,3.9,0.44,Upper Credit
8,51,3.44,1.53,0.43,Lower Credit
8,51,3.82,0.95,3.37,Upper Credit
5,48,0.69,3.08,3.86,Upper Credit
5,48,3.2,3.75,2.07,Distinction
5,48,3.86,2.67,3.7,Distinction
5,48,0.8,3.13,1.54,Lower Credit
5,48,1.14,0.23,3.7,Lower Credit
6,81,1.52,1.21,1.97,Lower Credit
6,81,3.1,3.02,3.41,Distinction
6,81,2.44,2.99,1.27,Upper Credit
6,81,2.9,1.8,3.3,Upper Credit
6,81,0.36,0.82,0.1,Lower Credit
9,96,3.57,0.42,0.04,Lower Credit
9,96,2.03,1.28,3.64,Upper Credit
9,96,1.79,0.65,3.59,Upper Credit
9,96,1.78,0.95,3.08,Lower Credit
9,96,2.66,2.97,3.48,Distinction
8,34,3.88,1.95,1.12,Upper Credit
8,34,1.04,2.17,0.83,Lower Credit
8,34,0.94,0.6,2.03,Lower Credit
8,34,2.34,2.84,0.34,Lower Credit
8,34,3.05,1.91,1.55,Upper Credit
5,27,2.4,3.21,0.05,Lower Credit
5,27,2.09,1.57,1.02,Lower Credit
5,27,3.07,3.88,1.51,Upper Credit
5,27,3.7,3.63,2.1,Distinction
5,27,3.33,2.38,3.72,Distinction
9,25,3.81,0.03,0.47,Lower Credit
9,25,3.4,2.7,0.92,Upper Credit
9,25,1.8,1.79,1.48,Lower Credit
9,25,2.82,1.54,0.08,Lower Credit
9,25,2.31,2.49,1.21,Upper Credit
2,79,0.9,2.72,3.98,Upper Credit
2,79,1.76,1.06,1.37,Lower Credit
2,79,0.68,3.45,1.51,Lower Credit
2,79,3.23,2.67,0.39,Upper Credit
2,79,0.87,2.92,1.23,Lower Credit
6,69,2.39,2.1,0.25,Lower Credit
6,69,3.97,2.31,3.38,Distinction
6,69,3.41,2.32,3.16,Upper Credit
6,69,0.4,0.95,1.01,Lower Credit
6,69,1.64,3.9,3.17,Upper Credit
7,91,0.25,1.76,2.52,Lower Credit
7,91,2.99,0.85,0.17,Lower Credit
7,91,2.74,2.7,2.29,Upper Credit
7,91,0.07,2.4,3.69,Upper Credit
7,91,0.41,3.19,3.04,Upper Credit
4,50,1.6,3.58,0.23,Lower Credit
4,50,3.59,4.0,2.87,Distinction
4,50,0.19,0.45,2.69,Lower Credit
4,50,0.53,1.98,2.29,Lower Credit
4,50,3.05,1.1,0.17,Lower Credit
2,85,2.19,1.24,0.4,Lower Credit
2,85,0.05,1.84,1.72,Lower Credit
2,85,2.84,3.89,2.13,Upper Credit
2,85,1.85,0.58,3.32,Lower Credit
2,85,0.72,2.82,1.91,Lower Credit
10,39,1.39,2.19,2.95,Upper Credit
10,39,1.59,1.98,3.5,Upper Credit
10,39,1.25,1.74,3.02,Upper Credit
10,39,1.93,1.54,0.12,Lower Credit
10,39,1.68,3.46,0.4,Lower Credit
3,56,0.51,3.33,2.5,Upper Credit
3,56,1.2,0.25,3.1,Lower Credit
3,56,3.6,3.06,3.04,Distinction
3,56,1.08,2.22,2.14,Lower Credit
3,56,0.57,2.03,2.1,Lower Credit
7,97,0.27,2.47,0.28,Lower Credit
7,97,0.38,3.21,2.22,Lower Credit
7,97,2.24,1.06,1.07,Lower Credit
7,97,1.68,2.7,0.26,Lower Credit
7,97,1.6,2.3,0.97,Lower Credit
2,25,0.04,2.93,0.12,Lower Credit
2,25,1.35,2.65,2.33,Upper Credit
2,25,1.72,3.32,2.93,Upper Credit
2,25,3.24,2.5,3.76,Distinction
2,25,2.51,0.08,2.58,Lower Credit
8,64,0.64,3.08,2.15,Lower Credit
8,64,3.57,0.88,3.25,Upper Credit
8,64,0.16,0.63,0.96,Lower Credit
8,64,0.35,1.47,0.09,Lower Credit
8,64,3.53,0.82,3.79,Upper Credit
4,96,3.97,1.23,1.12,Upper Credit
4,96,2.77,0.19,1.29,Lower Credit
4,96,2.72,3.84,3.42,Distinction
4,96,0.06,3.25,3.52,Upper Credit
4,96,1.14,0.81,2.94,Lower Credit
2,72,1.7,2.48,0.76,Lower Credit
2,72,3.56,3.2,3.63,Distinction
2,72,0.41,3.63,0.58,Lower Credit
2,72,2.17,1.6,2.52,Upper Credit
2,72,2.96,2.8,1.34,Upper Credit
5,62,0.71,3.17,2.23,Upper Credit
5,62,2.75,3.53,1.14,Upper Credit
5,62,0.27,0.29,2.39,Lower Credit
5,62,2.25,1.56,2.99,Upper Credit
5,62,2.86,1.23,3.67,Upper Credit
3,89,1.23,2.33,3.46,Upper Credit
3,89,0.67,3.03,1.3,Lower Credit
3,89,0.65,1.88,2.24,Lower Credit
3,89,3.44,3.2,0.54,Upper Credit
3,89,1.47,0.71,2.15,Lower Credit
3,42,1.1,0.91,2.69,Lower Credit
3,42,0.41,2.95,3.29,Upper Credit
3,42,3.72,2.64,3.29,Distinction
3,42,1.66,2.5,0.79,Lower Credit
3,42,0.51,0.96,3.32,Lower Credit
10,69,1.22,2.31,3.35,Upper Credit
10,69,2.13,1.4,1.17,Lower Credit
10,69,2.45,3.17,0.15,Lower Credit
10,69,0.02,0.84,1.62,Lower Credit
10,69,3.84,2.15,3.69,Distinction
3,30,1.68,2.18,0.27,Lower Credit
3,30,2.07,1.3,2.29,Lower Credit
3,30,0.05,3.94,3.08,Upper Credit
3,30,0.36,0.05,1.66,Lower Credit
3,30,1.02,0.35,1.01,Lower Credit
4,84,0.57,0.1,0.13,Lower Credit
4,84,2.87,3.5,0.45,Upper Credit
4,84,3.0,3.4,3.51,Distinction
4,84,1.81,0.96,1.86,Lower Credit
4,84,1.93,0.21,4.0,Upper Credit
2,38,1.64,2.24,2.41,Upper Credit
2,38,3.57,0.72,1.64,Lower Credit
2,38,0.52,1.38,2.93,Lower Credit
2,38,0.87,0.36,0.57,Lower Credit
2,38,1.75,0.88,1.55,Lower Credit
8,63,1.19,1.71,2.65,Lower Credit
8,63,3.47,2.47,0.44,Upper Credit
8,63,0.14,1.08,1.28,Lower Credit
8,63,3.0,0.38,2.54,Lower Credit
8,63,1.92,0.74,1.91,Lower Credit
4,36,3.89,3.93,1.32,Distinction
4,36,1.31,3.31,0.07,Lower Credit
4,36,2.92,3.28,1.95,Upper Credit
4,36,1.66,3.7,1.25,Upper Credit
4,36,3.67,2.63,3.69,Distinction
4,57,2.08,2.72,0.28,Lower Credit
4,57,2.12,0.81,1.98,Lower Credit
4,57,2.83,2.68,2.95,Upper Credit
4,57,0.0,3.93,0.64,Lower Credit
4,57,0.32,1.32,1.96,Lower Credit
6,85,2.05,1.44,0.37,Lower Credit
6,85,2.51,0.24,1.58,Lower Credit
6,85,3.4,1.65,1.81,Upper Credit
6,85,1.23,1.43,0.99,Lower Credit
6,85,2.93,3.09,0.87,Upper Credit
10,25,1.45,3.27,1.25,Lower Credit
10,25,2.23,2.42,0.36,Lower Credit
10,25,0.75,0.09,3.57,Lower Credit
10,25,3.44,1.69,0.72,Lower Credit
10,25,3.53,3.88,2.45,Distinction
10,88,2.64,0.88,0.39,Lower Credit
10,88,2.05,2.03,1.3,Lower Credit
10,88,2.48,2.38,0.61,Lower Credit
10,88,2.12,1.97,0.19,Lower Credit
10,88,0.74,1.77,2.08,Lower Credit
8,28,3.69,2.26,0.21,Upper Credit
8,28,1.57,3.74,1.99,Upper Credit
8,28,1.14,1.19,2.18,Lower Credit
8,28,1.94,1.81,3.43,Upper Credit
8,28,1.8,3.34,2.22,Upper Credit
3,86,2.15,1.69,3.19,Upper Credit
3,86,0.59,3.26,1.78,Lower Credit
3,86,3.46,1.97,1.65,Upper Credit
3,86,1.22,1.99,1.61,Lower Credit
3,86,2.64,1.91,0.63,Lower Credit
8,62,1.1,1.95,0.95,Lower Credit
8,62,3.81,2.71,0.05,Upper Credit
8,62,0.67,1.5,2.83,Lower Credit
8,62,3.62,2.62,2.47,Upper Credit
8,62,0.55,3.87,0.57,Lower Credit
5,88,1.22,2.12,0.49,Lower Credit
5,88,2.16,3.78,1.74,Upper Credit
5,88,0.34,1.42,3.45,Lower Credit
5,88,3.89,2.74,3.69,Distinction
5,88,0.19,1.56,0.91,Lower Credit
5,42,2.08,3.8,2.08,Upper Credit
5,42,1.6,1.11,2.9,Lower Credit
5,42,3.35,1.83,2.46,Upper Credit
5,42,1.38,3.59,3.28,Upper Credit
5,42,2.78,2.53,3.62,Upper Credit
8,27,0.98,1.76,2.35,Lower Credit
8,27,0.78,1.48,0.48,Lower Credit
8,27,0.79,3.06,3.4,Upper Credit
8,27,3.8,0.12,0.56,Lower Credit
8,27,2.12,2.85,2.5,Upper Credit
8,57,0.15,0.59,0.95,Lower Credit
8,57,1.65,2.78,0.87,Lower Credit
8,57,0.99,2.24,3.35,Upper Credit
8,57,2.91,2.81,1.17,Upper Credit
8,57,2.9,1.6,0.58,Lower Credit
8,62,0.29,3.54,0.35,Lower Credit
8,62,2.64,1.8,3.28,Upper Credit
8,62,1.22,2.85,2.03,Upper Credit
8,62,2.23,2.78,1.1,Upper Credit
8,62,2.24,2.76,0.16,Lower Credit
6,90,3.8,2.6,0.75,Upper Credit
6,90,2.13,3.58,1.7,Upper Credit
6,90,1.55,0.69,0.94,Lower Credit
6,90,0.59,2.75,1.22,Lower Credit
6,90,3.7,0.67,0.34,Lower Credit
4,96,1.81,0.88,3.59,Upper Credit
4,96,3.42,0.73,0.19,Lower Credit
4,96,2.63,0.49,2.26,Lower Credit
4,96,3.81,1.61,2.8,Upper Credit
4,96,3.04,2.55,1.65,Upper Credit
5,32,1.78,3.58,3.68,Distinction
5,32,2.85,1.68,1.41,Lower Credit
5,32,2.1,3.33,3.57,Distinction
5,32,1.87,0.88,0.87,Lower Credit
5,32,2.0,2.96,0.88,Lower Credit
4,52,3.95,3.23,0.24,Upper Credit
4,52,0.98,0.41,1.98,Lower Credit
4,52,1.56,2.29,2.66,Upper Credit
4,52,3.67,1.75,0.71,Upper Credit
4,52,3.88,2.12,3.84,Distinction
3,78,0.96,1.98,1.41,Lower Credit
3,78,1.09,2.82,2.1,Upper Credit
3,78,1.62,0.82,3.35,Lower Credit
3,78,2.97,0.51,3.18,Upper Credit
3,78,3.96,1.55,1.17,Upper Credit
6,47,1.82,2.52,1.66,Upper Credit
6,47,1.32,0.76,1.18,Lower Credit
6,47,2.17,3.53,0.29,Lower Credit
6,47,0.56,3.37,1.9,Lower Credit
6,47,0.42,2.02,2.88,Lower Credit
2,34,0.01,2.93,1.21,Lower Credit
2,34,2.5,3.35,2.07,Upper Credit
2,34,2.24,1.76,2.02,Upper Credit
2,34,1.67,0.97,0.25,Lower Credit
2,34,3.87,0.11,1.81,Lower Credit
8,39,3.76,1.6,3.17,Upper Credit
8,39,3.0,3.5,1.89,Upper Credit
8,39,1.88,1.45,1.69,Lower Credit
8,39,3.26,3.38,2.47,Distinction
8,39,2.95,3.86,2.37,Distinction
10,41,0.05,2.13,0.19,Lower Credit
10,41,1.94,2.24,1.79,Lower Credit
10,41,3.7,1.41,1.98,Upper Credit
10,41,0.22,2.07,2.9,Lower Credit
10,41,0.64,3.97,2.3,Upper Credit
2,53,0.79,3.48,3.09,Upper Credit
2,53,0.44,1.22,3.39,Lower Credit
2,53,1.17,3.53,1.02,Lower Credit
2,53,3.13,1.86,1.29,Upper Credit
2,53,1.26,1.26,0.19,Lower Credit
9,94,1.33,0.84,2.29,Lower Credit
9,94,0.06,1.49,2.24,Lower Credit
9,94,2.06,3.29,3.74,Distinction
9,94,1.47,3.49,3.2,Upper Credit
9,94,2.04,2.82,1.19,Upper Credit
2,74,0.77,1.65,0.48,Lower Credit
2,74,1.39,3.37,0.99,Lower Credit
2,74,1.69,3.97,3.9,Distinction
2,74,2.5,1.19,0.5,Lower Credit
2,74,2.16,3.44,3.07,Upper Credit
5,54,3.97,3.11,0.48,Upper Credit
5,54,0.76,1.4,2.81,Lower Credit
5,54,3.54,2.89,0.69,Upper Credit
5,54,0.98,0.21,2.05,Lower Credit
5,54,2.29,2.39,3.49,Upper Credit
7,44,1.82,1.09,2.87,Lower Credit
7,44,3.34,0.77,3.93,Upper Credit
7,44,2.54,0.83,0.98,Lower Credit
7,44,0.87,3.73,0.52,Lower Credit
7,44,0.26,2.25,2.24,Lower Credit
6,96,3.11,2.08,2.27,Upper Credit
6,96,2.77,0.67,2.84,Upper Credit
6,96,0.48,2.78,1.62,Lower Credit
6,96,2.36,0.04,2.53,Lower Credit
6,96,1.93,0.15,0.1,Lower Credit
6,46,1.4,2.92,0.38,Lower Credit
6,46,1.89,1.15,3.63,Upper Credit
6,46,3.31,1.86,2.63,Upper Credit
6,46,0.19,2.66,3.42,Upper Credit
6,46,2.59,2.71,1.38,Upper Credit
4,93,2.27,1.07,1.73,Lower Credit
4,93,0.0,1.23,1.45,Lower Credit
4,93,3.2,0.92,1.23,Lower Credit
4,93,2.22,0.03,3.81,Upper Credit
4,93,0.61,3.15,0.24,Lower Credit
2,32,1.24,2.17,2.13,Lower Credit
2,32,1.67,2.47,0.08,Lower Credit
2,32,3.07,1.23,3.85,Upper Credit
2,32,1.86,1.37,3.26,Upper Credit
2,32,2.25,2.0,1.18,Lower Credit
3,31,0.35,1.68,2.86,Lower Credit
3,31,3.86,3.29,2.43,Distinction
3,31,3.32,1.07,2.23,Upper Credit
3,31,2.57,3.76,0.8,Upper Credit
3,31,2.74,2.32,1.78,Upper Credit
2,39,2.16,0.51,0.8,Lower Credit
2,39,1.2,1.07,3.47,Lower Credit
2,39,0.34,3.94,2.86,Upper Credit
2,39,2.86,1.38,0.42,Lower Credit
2,39,2.03,3.72,0.12,Lower Credit
8,40,2.54,2.48,2.43,Upper Credit
8,40,3.4,0.87,0.36,Lower Credit
8,40,1.52,1.19,1.61,Lower Credit
8,40,2.88,2.01,2.73,Upper Credit
8,40,3.68,0.35,0.22,Lower Credit
9,78,1.78,3.6,3.28,Upper Credit
9,78,2.56,2.97,0.65,Upper Credit
9,78,0.34,3.47,3.69,Upper Credit
9,78,3.26,0.67,2.95,Upper Credit
9,78,3.78,2.55,3.57,Distinction
4,61,0.64,1.11,0.49,Lower Credit
4,61,1.91,3.77,0.59,Upper Credit
4,61,2.93,1.99,3.35,Upper Credit
4,61,1.06,0.1,1.55,Lower Credit
4,61,3.44,3.24,1.57,Upper Credit
5,99,3.64,3.21,0.32,Upper Credit
5,99,2.32,1.07,2.9,Upper Credit
5,99,2.21,0.54,3.79,Upper Credit
5,99,0.71,0.84,3.08,Lower Credit
5,99,2.78,0.94,3.65,Upper Credit
6,30,2.28,1.34,1.96,Lower Credit
6,30,2.35,0.01,2.18,Lower Credit
6,30,0.61,2.92,0.6,Lower Credit
6,30,0.07,2.27,0.93,Lower Credit
6,30,0.24,3.72,1.88,Lower Credit
10,56,3.38,2.77,3.1,Distinction
10,56,2.52,2.6,0.43,Lower Credit
10,56,0.55,2.14,1.3,Lower Credit
10,56,2.68,2.49,2.46,Upper Credit
10,56,2.84,1.09,1.42,Lower Credit
6,68,3.13,2.96,1.74,Upper Credit
6,68,0.89,1.0,0.99,Lower Credit
6,68,1.72,2.17,0.98,Lower Credit
6,68,1.01,1.06,3.21,Lower Credit
6,68,0.17,1.61,2.06,Lower Credit
2,31,3.86,2.26,2.14,Upper Credit
2,31,3.91,1.62,1.52,Upper Credit
2,31,3.75,1.09,1.16,Upper Credit
2,31,3.0,1.44,1.97,Upper Credit
2,31,2.01,3.9,0.53,Upper Credit
6,46,3.07,0.99,3.01,Upper Credit
6,46,1.63,2.78,2.16,Upper Credit
6,46,2.34,0.33,1.54,Lower Credit
6,46,1.24,1.65,1.32,Lower Credit
6,46,2.94,0.72,0.83,Lower Credit
7,89,0.18,2.94,1.61,Lower Credit
7,89,0.54,3.52,1.53,Lower Credit
7,89,3.71,3.3,3.71,Distinction
7,89,1.4,0.14,1.76,Lower Credit
7,89,3.87,0.08,2.06,Upper Credit
4,48,2.24,3.58,1.93,Upper Credit
4,48,0.83,3.93,0.33,Lower Credit
4,48,0.05,3.74,0.21,Lower Credit
4,48,3.33,0.36,3.41,Upper Credit
4,48,3.3,1.73,0.81,Lower Credit
9,80,2.81,2.09,2.18,Upper Credit
9,80,0.91,3.91,1.02,Lower Credit
9,80,3.18,2.18,1.62,Upper Credit
9,80,3.59,0.64,3.77,Upper Credit
9,80,1.53,2.39,1.61,Lower Credit
7,36,1.74,0.01,1.44,Lower Credit
7,36,0.3,2.71,1.6,Lower Credit
7,36,2.62,0.17,1.05,Lower Credit
7,36,1.29,3.54,2.82,Upper Credit
7,36,3.63,1.62,2.24,Upper Credit
10,73,0.84,3.5,2.65,Upper Credit
10,73,2.81,2.02,0.86,Lower Credit
10,73,0.09,3.98,3.33,Upper Credit
10,73,2.13,1.51,3.41,Upper Credit
10,73,2.66,3.94,3.85,Distinction
9,42,1.86,2.23,1.61,Lower Credit
9,42,1.09,2.57,1.78,Lower Credit
9,42,0.23,1.01,0.26,Lower Credit
9,42,2.05,1.11,1.84,Lower Credit
9,42,1.46,3.79,2.29,Upper Credit
2,93,1.05,0.99,0.51,Lower Credit
2,93,3.12,0.69,2.88,Upper Credit
2,93,3.89,1.89,2.02,Upper Credit
2,93,3.36,0.48,2.86,Upper Credit
2,93,2.4,2.08,2.67,Upper Credit
10,41,0.34,1.59,1.97,Lower Credit
10,41,1.0,0.05,1.04,Lower Credit
10,41,0.0,0.54,1.67,Lower Credit
10,41,2.84,1.18,0.87,Lower Credit
10,41,3.92,3.38,2.1,Distinction
4,77,1.76,2.94,1.06,Lower Credit
4,77,3.37,0.67,2.52,Upper Credit
4,77,3.32,1.32,3.24,Upper Credit
4,77,3.89,1.66,3.49,Distinction
4,77,0.1,3.9,1.65,Lower Credit
3,77,2.5,0.09,1.61,Lower Credit
3,77,3.67,0.64,3.75,Upper Credit
3,77,2.32,3.41,0.94,Upper Credit
3,77,3.43,2.41,3.54,Distinction
3,77,0.75,3.76,0.11,Lower Credit
6,46,0.29,3.17,1.51,Lower Credit
6,46,2.74,3.76,2.08,Upper Credit
6,46,0.43,0.57,1.69,Lower Credit
6,46,1.96,2.15,3.8,Upper Credit
6,46,2.86,0.0,0.64,Lower Credit
6,88,2.17,2.9,0.18,Lower Credit
6,88,1.95,3.12,2.56,Upper Credit
6,88,2.49,3.17,1.81,Upper Credit
6,88,2.54,2.05,0.15,Lower Credit
6,88,2.66,0.52,0.23,Lower Credit
4,100,3.35,1.37,2.57,Upper Credit
4,100,2.07,0.42,1.38,Lower Credit
4,100,2.66,3.28,3.24,Distinction
4,100,0.98,3.72,3.08,Upper Credit
4,100,3.88,2.22,2.62,Upper Credit
10,75,1.98,3.46,1.19,Upper Credit
10,75,3.27,3.12,2.93,Distinction
10,75,3.88,1.91,0.6,Upper Credit
10,75,1.12,1.76,2.78,Lower Credit
10,75,2.75,0.22,3.51,Upper Credit
10,74,2.49,0.4,1.07,Lower Credit
10,74,3.59,0.15,3.1,Upper Credit
10,74,2.09,2.44,2.12,Upper Credit
10,74,2.15,1.37,0.63,Lower Credit
10,74,1.3,1.92,3.69,Upper Credit
5,84,3.32,2.92,3.71,Distinction
5,84,2.79,1.46,2.43,Upper Credit
5,84,3.03,3.03,2.55,Upper Credit
5,84,1.84,1.84,0.88,Lower Credit
5,84,1.71,3.19,1.6,Upper Credit
6,71,1.43,2.94,3.11,Upper Credit
6,71,3.8,2.48,1.53,Upper Credit
6,71,2.3,3.73,0.06,Upper Credit
6,71,2.73,3.97,0.25,Upper Credit
6,71,1.08,2.15,1.27,Lower Credit
2,99,0.12,0.17,2.38,Lower Credit
2,99,3.5,3.75,3.39,Distinction
2,99,3.37,1.5,1.68,Upper Credit
2,99,2.05,0.72,3.26,Upper Credit
2,99,1.18,0.46,0.48,Lower Credit
8,87,3.34,0.18,2.1,Lower Credit
8,87,3.89,1.24,0.68,Lower Credit
8,87,1.92,0.24,0.43,Lower Credit
8,87,2.93,2.33,1.37,Upper Credit
8,87,2.19,1.87,0.72,Lower Credit
9,86,0.36,3.5,3.03,Upper Credit
9,86,3.27,1.34,1.26,Lower Credit
9,86,0.9,1.94,2.81,Lower Credit
9,86,3.13,2.52,1.34,Upper Credit
9,86,3.35,2.07,3.65,Distinction
8,32,2.75,0.5,0.09,Lower Credit
8,32,1.11,3.51,2.62,Upper Credit
8,32,0.28,0.75,2.36,Lower Credit
8,32,3.83,0.07,3.55,Upper Credit
8,32,1.25,3.87,0.85,Lower Credit
10,54,3.31,1.71,3.78,Upper Credit
10,54,3.33,2.48,2.93,Upper Credit
10,54,2.56,2.85,0.77,Upper Credit
10,54,1.67,2.35,1.51,Lower Credit
10,54,1.03,0.13,2.82,Lower Credit
5,97,3.97,2.33,0.15,Upper Credit
5,97,3.17,3.42,2.16,Upper Credit
5,97,1.29,2.41,0.01,Lower Credit
5,97,0.95,2.24,1.01,Lower Credit
5,97,1.73,1.26,0.64,Lower Credit
2,55,3.21,3.47,3.13,Distinction
2,55,3.09,1.11,1.16,Lower Credit
2,55,1.98,3.15,0.61,Lower Credit
2,55,0.16,0.36,2.54,Lower Credit
2,55,0.03,3.36,0.09,Lower Credit
2,100,0.72,0.85,1.62,Lower Credit
2,100,1.49,1.58,2.67,Lower Credit
2,100,0.27,3.98,3.66,Upper Credit
2,100,0.29,3.5,0.69,Lower Credit
2,100,1.38,1.6,1.55,Lower Credit
4,71,3.94,1.11,0.09,Lower Credit
4,71,0.74,2.85,2.97,Upper Credit
4,71,3.08,2.17,2.77,Upper Credit
4,71,2.95,3.32,1.76,Upper Credit
4,71,2.27,1.6,1.79,Lower Credit
3,30,3.16,0.51,0.66,Lower Credit
3,30,0.01,1.39,0.91,Lower Credit
3,30,3.87,3.0,1.4,Upper Credit
3,30,1.56,0.97,2.73,Lower Credit
3,30,2.94,0.49,1.94,Lower Credit
5,85,3.25,3.58,2.31,Distinction
5,85,3.41,1.41,3.14,Upper Credit
5,85,0.21,3.73,0.83,Lower Credit
5,85,3.6,2.36,1.32,Upper Credit
5,85,0.97,1.58,1.58,Lower Credit
6,88,1.84,1.29,0.35,Lower Credit
6,88,3.74,3.61,0.38,Upper Credit
6,88,0.87,2.67,2.5,Upper Credit
6,88,3.22,3.91,0.07,Upper Credit
6,88,0.76,2.2,1.3,Lower Credit
7,62,2.28,3.16,2.04,Upper Credit
7,62,3.53,2.93,3.15,Distinction
7,62,2.54,0.71,0.25,Lower Credit
7,62,1.87,1.62,2.13,Lower Credit
7,62,1.28,0.37,2.15,Lower Credit
9,46,1.52,3.19,3.53,Upper Credit
9,46,1.35,0.86,2.91,Lower Credit
9,46,2.79,2.19,3.47,Upper Credit
9,46,1.41,3.58,1.58,Upper Credit
9,46,0.64,2.2,3.12,Lower Credit
2,81,3.57,1.51,1.91,Upper Credit
2,81,0.71,3.31,1.57,Lower Credit
2,81,2.81,0.8,3.79,Upper Credit
2,81,1.13,3.62,3.14,Upper Credit
2,81,0.71,3.07,2.46,Upper Credit
3,79,0.22,1.25,1.18,Lower Credit
3,79,2.26,2.96,1.71,Upper Credit
3,79,0.34,2.55,0.62,Lower Credit
3,79,3.89,2.92,2.34,Distinction
3,79,0.12,1.64,2.57,Lower Credit
9,27,0.44,1.33,0.34,Lower Credit
9,27,0.47,2.67,3.24,Upper Credit
9,27,1.69,3.42,0.18,Lower Credit
9,27,2.6,0.3,3.37,Upper Credit
9,27,2.27,0.28,1.42,Lower Credit
5,59,2.04,2.02,2.19,Upper Credit
5,59,3.6,3.75,0.87,Upper Credit
5,59,3.29,0.3,1.2,Lower Credit
5,59,3.41,3.17,0.5,Upper Credit
5,59,3.61,0.01,1.47,Lower Credit
4,44,1.85,0.16,3.58,Lower Credit
4,44,1.9,2.34,1.81,Upper Credit
4,44,2.96,2.48,3.45,Upper Credit
4,44,1.5,0.18,3.47,Lower Credit
4,44,3.58,0.79,3.35,Upper Credit
8,89,1.11,2.21,1.31,Lower Credit
8,89,2.7,3.06,3.81,Distinction
8,89,3.66,0.49,0.73,Lower Credit
8,89,0.56,0.53,3.73,Lower Credit
8,89,0.56,2.15,1.83,Lower Credit
10,76,3.44,1.03,0.04,Lower Credit
10,76,3.94,1.63,2.32,Upper Credit
10,76,1.74,1.17,1.54,Lower Credit
10,76,0.28,1.69,0.45,Lower Credit
10,76,2.44,0.38,2.17,Lower Credit
4,90,3.02,1.37,1.16,Lower Credit
4,90,0.68,1.13,1.17,Lower Credit
4,90,2.17,1.43,0.08,Lower Credit
4,90,3.61,3.71,2.05,Distinction
4,90,1.26,1.98,3.28,Upper Credit
2,90,1.01,3.05,3.82,Upper Credit
2,90,3.96,2.99,0.98,Upper Credit
2,90,0.79,1.1,3.08,Lower Credit
2,90,2.62,2.13,3.65,Upper Credit
2,90,2.29,1.29,3.09,Upper Credit
8,82,1.19,1.72,3.1,Upper Credit
8,82,0.89,2.98,1.76,Lower Credit
8,82,0.38,2.82,3.67,Upper Credit
8,82,0.43,3.76,0.8,Lower Credit
8,82,2.65,2.37,0.41,Lower Credit
7,90,3.73,1.07,1.59,Upper Credit
7,90,2.14,2.9,3.36,Upper Credit
7,90,2.89,3.3,2.62,Upper Credit
7,90,2.66,1.51,0.56,Lower Credit
7,90,2.93,2.72,2.36,Upper Credit
9,81,1.35,2.52,3.91,Upper Credit
9,81,2.37,3.72,0.04,Upper Credit
9,81,1.5,3.17,3.34,Upper Credit
9,81,1.7,1.11,1.43,Lower Credit
9,81,1.19,0.24,2.23,Lower Credit
7,51,0.23,3.04,0.63,Lower Credit
7,51,2.19,3.09,3.37,Upper Credit
7,51,0.17,0.97,2.8,Lower Credit
7,51,1.37,0.58,0.77,Lower Credit
7,51,1.73,1.49,3.81,Upper Credit
5,29,3.45,2.19,1.04,Upper Credit
5,29,1.34,0.38,2.44,Lower Credit
5,29,2.52,3.73,2.05,Upper Credit
5,29,0.92,0.37,3.1,Lower Credit
5,29,0.08,3.26,3.37,Upper Credit
4,70,0.53,1.91,3.14,Lower Credit
4,70,1.91,3.66,1.66,Upper Credit
4,70,3.36,2.19,1.64,Upper Credit
4,70,3.92,1.44,2.11,Upper Credit
4,70,1.07,3.64,3.97,Upper Credit
5,100,2.88,3.78,1.83,Upper Credit
5,100,3.06,1.82,2.27,Upper Credit
5,100,2.06,3.36,2.5,Upper Credit
5,100,3.81,0.77,3.06,Upper Credit
5,100,2.5,0.42,1.46,Lower Credit
4,25,1.86,2.82,3.76,Upper Credit
4,25,1.29,2.86,3.66,Upper Credit
4,25,1.03,2.66,2.82,Upper Credit
4,25,0.5,3.74,2.04,Upper Credit
4,25,1.82,0.6,3.56,Lower Credit
10,76,2.52,0.06,3.16,Lower Credit
10,76,3.62,1.85,2.46,Upper Credit
10,76,2.02,3.62,2.58,Upper Credit
10,76,0.76,3.33,0.72,Lower Credit
10,76,1.73,2.44,2.01,Upper Credit
3,29,2.61,0.99,3.58,Upper Credit
3,29,3.47,0.36,4.0,Upper Credit
3,29,0.91,0.97,2.57,Lower Credit
3,29,0.4,2.99,0.91,Lower Credit
3,29,0.73,0.44,1.38,Lower Credit
9,65,3.11,3.18,2.02,Upper Credit
9,65,3.03,1.24,2.93,Upper Credit
9,65,1.95,1.21,1.34,Lower Credit
9,65,3.59,1.65,3.51,Upper Credit
9,65,2.69,1.87,1.32,Lower Credit
5,98,3.24,0.41,2.0,Lower Credit
5,98,0.51,3.0,3.69,Upper Credit
5,98,3.49,1.84,2.5,Upper Credit
5,98,0.87,3.2,2.26,Upper Credit
5,98,1.12,0.72,3.81,Lower Credit
7,36,0.01,0.2,0.05,Lower Credit
7,36,0.46,1.72,1.7,Lower Credit
7,36,2.42,0.95,1.92,Lower Credit
7,36,1.33,2.02,0.69,Lower Credit
7,36,1.06,0.66,3.64,Lower Credit
7,75,1.65,1.95,2.03,Lower Credit
7,75,0.41,0.73,3.25,Lower Credit
7,75,3.65,0.15,1.39,Lower Credit
7,75,1.84,3.71,1.74,Upper Credit
7,75,3.46,4.0,3.73,Distinction
10,32,0.79,3.63,1.12,Lower Credit
10,32,2.87,2.71,3.16,Upper Credit
10,32,0.93,1.01,0.16,Lower Credit
10,32,1.94,1.71,1.92,Lower Credit
10,32,2.29,0.61,2.45,Lower Credit
6,80,0.07,0.19,1.79,Lower Credit
6,80,3.69,2.01,3.3,Distinction
6,80,1.55,0.72,3.43,Lower Credit
6,80,1.82,0.41,1.96,Lower Credit
6,80,2.46,3.26,0.9,Upper Credit
6,85,0.4,2.07,3.84,Upper Credit
6,85,0.41,2.91,0.62,Lower Credit
6,85,1.62,3.48,2.17,Upper Credit
6,85,2.34,2.67,3.8,Upper Credit
6,85,0.44,0.56,1.13,Lower Credit
7,54,2.04,4.0,3.99,Distinction
7,54,0.22,3.3,1.61,Lower Credit
7,54,3.88,0.64,2.39,Upper Credit
7,54,3.95,0.14,1.62,Lower Credit
7,54,3.81,2.43,3.93,Distinction
6,60,0.18,0.9,0.74,Lower Credit
6,60,1.31,2.68,2.28,Upper Credit
6,60,3.48,0.52,1.67,Lower Credit
6,60,3.58,0.19,0.76,Lower Credit
6,60,0.89,0.67,3.21,Lower Credit
5,42,3.15,3.31,2.19,Upper Credit
5,42,2.93,0.52,0.62,Lower Credit
5,42,1.62,1.23,0.14,Lower Credit
5,42,2.58,1.59,2.09,Upper Credit
5,42,2.18,2.8,0.65,Lower Credit
8,67,1.05,0.8,2.87,Lower Credit
8,67,0.2,1.52,0.76,Lower Credit
8,67,3.69,0.42,0.57,Lower Credit
8,67,1.91,0.32,1.26,Lower Credit
8,67,0.35,1.3,1.05,Lower Credit
4,38,3.14,3.56,1.55,Upper Credit
4,38,1.79,1.2,2.36,Lower Credit
4,38,3.32,2.25,1.83,Upper Credit
4,38,2.22,2.82,1.38,Upper Credit
4,38,3.54,1.6,3.54,Upper Credit
10,44,1.87,1.94,3.2,Upper Credit
10,44,2.01,0.01,2.96,Lower Credit
10,44,2.26,3.56,3.72,Distinction
10,44,2.65,2.16,2.4,Upper Credit
10,44,1.28,0.26,3.26,Lower Credit
8,30,2.5,1.89,1.94,Upper Credit
8,30,1.24,2.74,0.4,Lower Credit
8,30,3.42,0.86,0.28,Lower Credit
8,30,3.35,1.0,1.57,Lower Credit
8,30,2.91,1.75,3.32,Upper Credit
10,82,3.84,3.79,1.04,Upper Credit
10,82,3.34,0.15,3.95,Upper Credit
10,82,1.44,0.32,0.16,Lower Credit
10,82,3.64,0.1,1.39,Lower Credit
10,82,2.01,2.37,2.83,Upper Credit
10,26,2.64,3.4,3.22,Distinction
10,26,3.49,0.23,0.72,Lower Credit
10,26,1.07,0.91,3.02,Lower Credit
10,26,0.58,1.65,0.91,Lower Credit
10,26,2.03,0.49,3.65,Upper Credit
6,72,0.47,3.39,3.31,Upper Credit
6,72,1.17,0.32,1.07,Lower Credit
6,72,3.68,1.89,0.08,Lower Credit
6,72,3.73,1.74,0.57,Upper Credit
6,72,3.47,3.52,2.94,Distinction
3,99,0.95,3.14,1.57,Lower Credit
3,99,2.93,0.31,2.97,Upper Credit
3,99,2.43,0.98,3.58,Upper Credit
3,99,2.19,1.73,0.59,Lower Credit
3,99,1.43,2.5,3.49,Upper Credit
4,65,0.12,2.41,0.97,Lower Credit
4,65,3.23,2.17,3.4,Upper Credit
4,65,1.56,2.94,0.19,Lower Credit
4,65,0.23,2.24,3.52,Lower Credit
4,65,2.63,0.51,2.25,Lower Credit
7,42,3.19,0.0,1.41,Lower Credit
7,42,1.64,0.96,3.72,Upper Credit
7,42,0.17,0.16,0.35,Lower Credit
7,42,3.02,1.35,2.84,Upper Credit
7,42,1.55,2.63,2.64,Upper Credit
2,26,2.51,1.4,3.9,Upper Credit
2,26,0.32,0.22,1.26,Lower Credit
2,26,1.42,1.0,1.66,Lower Credit
2,26,3.04,0.36,2.58,Lower Credit
2,26,0.37,3.72,3.82,Upper Credit
9,64,0.21,2.7,0.03,Lower Credit
9,64,1.58,0.56,0.63,Lower Credit
9,64,1.36,0.86,2.56,Lower Credit
9,64,3.41,1.33,1.75,Upper Credit
9,64,1.34,1.85,0.89,Lower Credit
9,89,1.7,1.18,0.71,Lower Credit
9,89,0.81,2.82,0.81,Lower Credit
9,89,2.32,0.25,3.02,Lower Credit
9,89,2.73,3.83,2.6,Distinction
9,89,1.18,3.57,2.34,Upper Credit
5,65,0.98,0.45,2.82,Lower Credit
5,65,0.61,0.63,0.85,Lower Credit
5,65,1.11,0.08,1.61,Lower Credit
5,65,1.67,3.44,3.61,Upper Credit
5,65,2.2,0.47,2.55,Lower Credit
8,72,2.32,0.14,2.12,Lower Credit
8,72,3.9,0.23,3.37,Upper Credit
8,72,0.69,1.25,2.98,Lower Credit
8,72,3.13,1.54,3.4,Upper Credit
8,72,1.09,1.36,1.62,Lower Credit
2,68,2.33,3.45,2.44,Upper Credit
2,68,2.8,1.42,0.27,Lower Credit
2,68,0.37,2.68,0.37,Lower Credit
2,68,1.12,3.83,0.31,Lower Credit
2,68,3.74,3.13,3.37,Distinction
8,72,1.76,3.69,1.96,Upper Credit
8,72,3.88,1.87,1.06,Upper Credit
8,72,0.42,3.88,0.26,Lower Credit
8,72,3.87,2.8,1.62,Upper Credit
8,72,3.39,1.09,0.96,Lower Credit
10,66,3.92,0.52,0.76,Lower Credit
10,66,0.82,3.99,2.99,Upper Credit
10,66,3.42,1.06,2.42,Upper Credit
10,66,3.21,1.18,0.6,Lower Credit
10,66,3.89,0.06,0.34,Lower Credit
4,91,0.36,3.49,2.82,Upper Credit
4,91,1.52,3.54,2.46,Upper Credit
4,91,0.2,0.13,3.24,Lower Credit
4,91,3.63,1.65,1.15,Upper Credit
4,91,1.13,3.67,3.78,Upper Credit
10,79,2.18,1.27,3.15,Upper Credit
10,79,1.06,2.14,0.45,Lower Credit
10,79,3.05,0.89,1.16,Lower Credit
10,79,3.38,1.16,0.98,Lower Credit
10,79,0.97,1.59,2.3,Lower Credit
2,75,0.7,1.69,0.68,Lower Credit
2,75,1.88,2.41,1.4,Lower Credit
2,75,1.51,0.21,1.88,Lower Credit
2,75,3.79,1.17,2.09,Upper Credit
2,75,1.92,1.93,1.91,Lower Credit
9,60,1.4,2.63,3.34,Upper Credit
9,60,3.91,2.88,3.98,Distinction
9,60,1.19,0.01,2.79,Lower Credit
9,60,3.76,0.61,1.3,Lower Credit
9,60,2.58,2.43,1.13,Upper Credit
10,57,3.39,2.56,3.98,Distinction
10,57,2.37,2.88,2.4,Upper Credit
10,57,0.29,3.22,3.1,Upper Credit
10,57,1.96,3.37,3.66,Upper Credit
10,57,0.56,1.14,3.11,Lower Credit
9,97,1.43,1.58,3.03,Upper Credit
9,97,2.49,0.63,1.58,Lower Credit
9,97,2.6,3.24,3.99,Distinction
9,97,1.32,2.82,1.2,Lower Credit
9,97,3.11,2.37,1.52,Upper Credit
5,42,1.9,3.07,1.0,Lower Credit
5,42,0.16,2.26,1.31,Lower Credit
5,42,1.6,2.15,0.25,Lower Credit
5,42,0.93,1.27,1.38,Lower Credit
5,42,3.17,2.74,1.64,Upper Credit
5,36,0.55,0.39,1.86,Lower Credit
5,36,2.51,0.9,2.71,Upper Credit
5,36,1.02,1.63,0.9,Lower Credit
5,36,0.83,1.41,2.99,Lower Credit
5,36,1.88,0.52,1.11,Lower Credit
5,87,1.5,0.46,2.56,Lower Credit
5,87,0.22,1.21,3.44,Lower Credit
5,87,3.14,1.61,1.67,Upper Credit
5,87,3.72,3.94,1.95,Distinction
5,87,3.64,0.98,0.3,Lower Credit
5,56,2.0,3.74,2.62,Upper Credit
5,56,1.57,3.76,1.58,Upper Credit
5,56,2.75,1.3,0.94,Lower Credit
5,56,1.53,2.03,3.65,Upper Credit
5,56,3.91,0.94,1.87,Upper Credit
8,64,2.46,1.81,0.3,Lower Credit
8,64,0.26,0.63,3.67,Lower Credit
8,64,3.8,0.56,3.52,Upper Credit
8,64,3.15,2.49,0.39,Upper Credit
8,64,2.12,2.63,0.56,Lower Credit
5,54,3.18,1.13,0.22,Lower Credit
5,54,3.36,0.52,1.92,Lower Credit
5,54,3.22,0.8,0.49,Lower Credit
5,54,1.47,1.62,0.98,Lower Credit
5,54,3.59,3.7,3.53,Distinction
2,36,0.12,0.08,1.75,Lower Credit
2,36,1.34,2.57,1.44,Lower Credit
2,36,1.91,0.3,2.11,Lower Credit
2,36,3.82,3.03,0.39,Upper Credit
2,36,0.52,1.28,2.08,Lower Credit
5,28,0.22,1.43,0.15,Lower Credit
5,28,2.99,2.03,3.84,Upper Credit
5,28,3.3,2.09,1.33,Upper Credit
5,28,3.99,0.82,2.78,Upper Credit
5,28,3.93,2.12,2.6,Upper Credit
8,32,0.48,1.2,2.54,Lower Credit
8,32,0.72,0.58,2.68,Lower Credit
8,32,3.58,0.12,1.61,Lower Credit
8,32,0.34,0.96,0.61,Lower Credit
8,32,3.01,1.41,2.26,Upper Credit
8,91,3.3,3.66,3.9,Distinction
8,91,3.51,3.78,0.0,Upper Credit
8,91,2.1,3.91,1.52,Upper Credit
8,91,3.52,0.84,0.38,Lower Credit
8,91,1.83,1.34,3.78,Upper Credit
5,95,2.02,0.39,2.58,Lower Credit
5,95,2.72,3.8,2.84,Distinction
5,95,2.03,1.51,3.17,Upper Credit
5,95,3.78,1.26,1.43,Upper Credit
5,95,3.28,1.92,2.98,Upper Credit
3,88,1.26,3.79,0.16,Lower Credit
3,88,0.56,3.21,3.18,Upper Credit
3,88,3.6,0.17,2.58,Upper Credit
3,88,1.55,2.76,1.23,Lower Credit
3,88,0.96,3.94,3.01,Upper Credit
6,32,0.09,3.32,3.18,Upper Credit
6,32,3.65,0.9,1.24,Lower Credit
6,32,1.94,1.74,3.51,Upper Credit
6,32,3.2,1.39,0.78,Lower Credit
6,32,1.22,0.54,1.13,Lower Credit
2,58,2.94,0.34,1.05,Lower Credit
2,58,3.97,0.33,0.23,Lower Credit
2,58,1.39,0.95,1.45,Lower Credit
2,58,0.4,0.05,3.42,Lower Credit
2,58,1.15,2.76,3.47,Upper Credit
8,60,0.99,0.68,0.38,Lower Credit
8,60,1.1,2.31,0.76,Lower Credit
8,60,0.76,3.74,1.19,Lower Credit
8,60,1.27,0.82,3.45,Lower Credit
8,60,1.98,0.3,0.95,Lower Credit
3,53,2.81,2.57,2.71,Upper Credit
3,53,0.43,1.12,3.51,Lower Credit
3,53,1.11,0.77,1.89,Lower Credit
3,53,1.35,2.09,3.17,Upper Credit
3,53,3.88,3.13,0.81,Upper Credit
2,78,3.97,2.9,2.98,Distinction
2,78,1.6,2.09,1.67,Lower Credit
2,78,0.37,0.74,1.89,Lower Credit
2,78,0.98,3.01,1.89,Lower Credit
2,78,0.89,1.37,3.23,Lower Credit
5,36,1.78,2.18,2.36,Upper Credit
5,36,3.72,1.75,3.58,Distinction
5,36,3.81,0.8,0.84,Lower Credit
5,36,2.09,3.55,0.74,Upper Credit
5,36,2.9,1.06,1.4,Lower Credit
3,100,0.98,2.4,2.99,Upper Credit
3,100,0.83,1.06,3.72,Lower Credit
3,100,1.34,1.89,3.29,Upper Credit
3,100,3.16,1.17,1.77,Upper Credit
3,100,1.35,2.99,2.85,Upper Credit
7,85,3.56,0.08,3.73,Upper Credit
7,85,1.17,0.57,1.73,Lower Credit
7,85,0.77,2.46,3.32,Upper Credit
7,85,3.12,3.23,1.63,Upper Credit
7,85,3.03,2.32,2.88,Upper Credit
5,86,2.41,2.23,3.59,Upper Credit
5,86,0.17,1.08,2.49,Lower Credit
5,86,3.23,2.62,2.79,Upper Credit
5,86,3.75,3.56,1.15,Upper Credit
5,86,1.02,2.37,3.7,Upper Credit
3,99,0.28,1.81,0.75,Lower Credit
3,99,0.17,1.95,3.63,Lower Credit
3,99,2.23,2.55,1.49,Upper Credit
3,99,1.88,3.76,2.53,Upper Credit
3,99,0.96,3.79,1.42,Upper Credit
4,84,1.8,0.47,3.08,Lower Credit
4,84,3.5,0.36,0.21,Lower Credit
4,84,0.08,1.42,2.8,Lower Credit
4,84,0.13,0.77,2.45,Lower Credit
4,84,3.16,2.6,2.18,Upper Credit
5,48,0.8,0.76,3.24,Lower Credit
5,48,3.74,2.44,3.93,Distinction
5,48,1.19,2.61,2.99,Upper Credit
5,48,3.26,1.76,0.5,Lower Credit
5,48,1.64,3.96,1.54,Upper Credit
9,95,0.2,3.02,0.73,Lower Credit
9,95,2.84,3.2,3.5,Distinction
9,95,0.78,1.83,3.5,Upper Credit
9,95,1.58,1.53,3.24,Upper Credit
9,95,1.98,1.59,1.3,Lower Credit
4,60,3.55,3.33,1.27,Upper Credit
4,60,0.03,0.69,2.96,Lower Credit
4,60,2.63,1.61,0.42,Lower Credit
4,60,0.86,1.39,2.15,Lower Credit
4,60,2.7,3.83,3.16,Distinction
8,69,2.77,1.48,1.67,Lower Credit
8,69,1.34,0.12,1.8,Lower Credit
8,69,1.52,0.09,0.02,Lower Credit
8,69,3.04,0.02,3.79,Upper Credit
8,69,0.85,0.5,3.64,Lower Credit
7,71,2.53,1.97,2.95,Upper Credit
7,71,0.34,0.33,3.88,Lower Credit
7,71,3.76,1.7,1.72,Upper Credit
7,71,1.06,1.65,1.53,Lower Credit
7,71,3.7,1.69,2.34,Upper Credit
10,34,0.3,3.51,3.81,Upper Credit
10,34,0.93,2.74,3.86,Upper Credit
10,34,1.99,1.53,1.6,Lower Credit
10,34,3.46,1.45,3.56,Upper Credit
10,34,2.14,0.59,0.34,Lower Credit
8,44,1.43,1.89,1.66,Lower Credit
8,44,3.0,1.43,2.02,Upper Credit
8,44,2.08,0.37,3.94,Upper Credit
8,44,2.82,1.0,0.14,Lower Credit
8,44,0.53,0.91,3.97,Lower Credit
6,99,0.41,2.2,3.62,Upper Credit
6,99,3.19,1.06,3.74,Upper Credit
6,99,1.63,0.55,3.67,Lower Credit
6,99,0.5,0.89,0.64,Lower Credit
6,99,3.77,1.67,1.03,Upper Credit
5,78,2.9,2.86,0.06,Lower Credit
5,78,3.6,3.72,3.53,Distinction
5,78,2.0,1.26,0.08,Lower Credit
5,78,0.13,2.56,1.82,Lower Credit
5,78,1.21,3.92,3.09,Upper Credit
7,81,1.87,1.39,1.51,Lower Credit
7,81,1.99,1.61,3.58,Upper Credit
7,81,2.9,0.58,3.82,Upper Credit
7,81,3.94,1.75,2.24,Upper Credit
7,81,1.49,2.66,0.96,Lower Credit
4,67,2.55,2.01,0.27,Lower Credit
4,67,0.06,3.55,0.27,Lower Credit
4,67,3.49,2.91,1.05,Upper Credit
4,67,3.56,2.92,2.92,Distinction
4,67,2.6,0.33,3.67,Upper Credit
5,44,3.96,0.32,1.62,Lower Credit
5,44,2.61,2.96,3.35,Upper Credit
5,44,1.98,1.97,1.08,Lower Credit
5,44,0.05,3.28,1.7,Lower Credit
5,44,2.9,0.35,3.05,Upper Credit
5,31,0.15,1.47,2.55,Lower Credit
5,31,3.45,1.61,3.9,Upper Credit
5,31,2.82,1.78,2.44,Upper Credit
5,31,3.61,1.39,0.57,Lower Credit
5,31,0.02,2.68,0.62,Lower Credit
10,69,0.8,2.17,2.26,Lower Credit
10,69,0.85,1.02,2.37,Lower Credit
10,69,2.24,1.51,1.74,Lower Credit
10,69,0.02,3.56,2.02,Lower Credit
10,69,3.52,2.66,3.08,Distinction
6,53,1.61,2.86,0.28,Lower Credit
6,53,2.02,2.28,1.93,Upper Credit
6,53,3.05,1.53,2.2,Upper Credit
6,53,2.32,2.08,1.45,Lower Credit
6,53,0.24,2.65,3.67,Upper Credit
9,51,0.2,2.49,1.41,Lower Credit
9,51,0.95,0.07,1.44,Lower Credit
9,51,2.12,2.2,3.53,Upper Credit
9,51,0.23,1.15,2.95,Lower Credit
9,51,2.78,0.87,0.66,Lower Credit
10,40,1.23,1.67,1.26,Lower Credit
10,40,0.78,2.86,2.9,Upper Credit
10,40,3.43,2.86,1.82,Upper Credit
10,40,1.06,2.26,3.05,Upper Credit
10,40,1.91,1.0,2.62,Lower Credit
4,85,2.77,1.27,3.12,Upper Credit
4,85,2.8,3.67,2.17,Upper Credit
4,85,1.52,2.48,0.73,Lower Credit
4,85,0.47,3.85,1.68,Upper Credit
4,85,3.24,0.86,0.57,Lower Credit
8,78,1.66,3.55,1.92,Upper Credit
8,78,1.67,1.63,3.38,Upper Credit
8,78,1.05,2.79,1.67,Lower Credit
8,78,3.84,2.33,1.07,Upper Credit
8,78,0.64,0.43,0.29,Lower Credit
3,49,0.97,0.73,1.76,Lower Credit
3,49,0.06,2.66,3.06,Lower Credit
3,49,1.87,0.82,0.32,Lower Credit
3,49,0.15,3.62,1.51,Lower Credit
3,49,1.27,0.01,1.63,Lower Credit
10,78,2.15,0.42,3.23,Lower Credit
10,78,3.6,0.39,1.41,Lower Credit
10,78,3.02,2.68,2.68,Upper Credit
10,78,0.22,1.14,3.44,Lower Credit
10,78,2.14,0.56,0.98,Lower Credit
9,46,3.99,3.32,2.19,Distinction
9,46,1.29,0.04,3.41,Lower Credit
9,46,1.74,1.48,2.24,Lower Credit
9,46,1.02,1.32,1.62,Lower Credit
9,46,3.34,0.99,1.97,Upper Credit
5,38,2.38,1.57,1.55,Lower Credit
5,38,1.44,0.75,0.6,Lower Credit
5,38,1.66,2.59,1.68,Lower Credit
5,38,0.7,2.13,2.26,Lower Credit
5,38,1.57,2.11,3.09,Upper Credit
8,92,2.66,0.62,1.94,Lower Credit
8,92,1.88,2.09,0.63,Lower Credit
8,92,1.37,3.46,3.69,Upper Credit
8,92,1.3,1.59,2.34,Lower Credit
8,92,3.79,2.76,3.96,Distinction
5,35,2.51,3.04,3.4,Upper Credit
5,35,2.95,0.01,2.63,Lower Credit
5,35,3.83,0.39,0.82,Lower Credit
5,35,2.65,2.06,0.87,Lower Credit
5,35,3.16,3.92,1.09,Upper Credit
9,68,2.96,2.53,3.92,Distinction
9,68,3.28,2.85,0.66,Upper Credit
9,68,2.48,1.0,1.69,Lower Credit
9,68,2.21,1.66,2.3,Upper Credit
9,68,1.06,0.02,1.35,Lower Credit
8,70,3.08,3.07,2.65,Upper Credit
8,70,2.91,3.1,1.25,Upper Credit
8,70,3.54,2.47,2.14,Upper Credit
8,70,1.64,1.24,2.58,Lower Credit
8,70,3.35,1.93,2.47,Upper Credit
8,26,2.22,0.17,2.99,Lower Credit
8,26,1.8,2.68,1.76,Upper Credit
8,26,1.69,1.17,2.34,Lower Credit
8,26,3.67,3.76,2.19,Distinction
8,26,3.92,1.08,1.08,Upper Credit
3,70,3.76,3.09,3.16,Distinction
3,70,0.93,3.39,1.49,Lower Credit
3,70,0.08,3.07,2.11,Lower Credit
3,70,3.1,2.86,0.51,Upper Credit
3,70,0.46,3.09,2.65,Upper Credit
9,80,3.22,1.16,2.33,Upper Credit
9,80,3.41,2.44,0.06,Lower Credit
9,80,1.93,0.84,0.43,Lower Credit
9,80,2.45,0.5,0.95,Lower Credit
9,80,3.5,2.84,1.43,Upper Credit
3,43,2.86,0.82,3.32,Upper Credit
3,43,3.9,0.01,0.18,Lower Credit
3,43,3.78,1.8,1.25,Upper Credit
3,43,2.48,3.24,3.35,Distinction
3,43,1.47,2.13,2.77,Upper Credit
10,97,3.38,1.62,0.97,Lower Credit
10,97,0.31,0.99,1.81,Lower Credit
10,97,3.67,2.52,1.16,Upper Credit
10,97,0.45,1.8,2.33,Lower Credit
10,97,1.97,0.96,1.94,Lower Credit
4,86,3.27,2.97,0.31,Upper Credit
4,86,2.25,0.69,3.1,Upper Credit
4,86,3.23,3.51,1.2,Upper Credit
4,86,3.19,3.14,3.87,Distinction
4,86,1.28,0.69,0.98,Lower Credit
5,60,1.12,1.09,0.27,Lower Credit
5,60,1.95,1.01,3.25,Upper Credit
5,60,3.21,0.64,0.15,Lower Credit
5,60,3.71,2.67,3.6,Distinction
5,60,0.01,2.76,1.26,Lower Credit
8,33,3.78,2.15,2.21,Upper Credit
8,33,0.17,1.04,0.76,Lower Credit
8,33,2.53,1.93,3.89,Upper Credit
8,33,0.1,1.36,1.95,Lower Credit
8,33,1.53,0.87,1.33,Lower Credit
4,35,0.94,3.44,3.66,Upper Credit
4,35,3.17,0.28,1.14,Lower Credit
4,35,0.61,3.99,0.66,Lower Credit
4,35,0.79,1.16,0.62,Lower Credit
4,35,3.0,0.29,2.43,Lower Credit
9,71,2.33,0.45,3.39,Upper Credit
9,71,3.92,0.9,3.55,Upper Credit
9,71,3.85,0.84,2.2,Upper Credit
9,71,1.36,3.56,3.85,Upper Credit
9,71,1.94,0.78,0.27,Lower Credit
7,58,0.63,1.32,0.15,Lower Credit
7,58,3.33,0.0,0.13,Lower Credit
7,58,1.5,2.28,1.95,Lower Credit
7,58,2.8,2.85,1.17,Upper Credit
7,58,2.15,1.91,3.27,Upper Credit
7,47,2.66,3.01,1.0,Upper Credit
7,47,0.36,1.03,1.53,Lower Credit
7,47,3.98,1.21,2.18,Upper Credit
7,47,3.6,0.47,1.51,Lower Credit
7,47,0.53,0.22,1.66,Lower Credit
10,73,2.67,0.14,1.6,Lower Credit
10,73,2.76,0.11,2.64,Lower Credit
10,73,2.39,2.07,1.56,Upper Credit
10,73,1.76,2.19,2.34,Upper Credit
10,73,2.63,3.47,0.55,Upper Credit
10,77,3.07,1.22,1.36,Lower Credit
10,77,3.13,1.36,1.01,Lower Credit
10,77,3.21,1.1,2.9,Upper Credit
10,77,2.58,3.07,0.41,Upper Credit
10,77,2.55,2.34,3.63,Upper Credit
6,79,1.35,1.21,3.95,Upper Credit
6,79,3.59,0.51,3.63,Upper Credit
6,79,2.29,3.58,0.36,Upper Credit
6,79,3.28,1.46,1.46,Upper Credit
6,79,0.8,2.14,1.54,Lower Credit
5,51,2.47,3.47,0.6,Upper Credit
5,51,0.34,1.26,2.12,Lower Credit
5,51,2.43,2.66,0.99,Upper Credit
5,51,3.76,3.21,2.86,Distinction
5,51,1.9,3.22,1.44,Upper Credit
3,47,1.39,1.22,2.14,Lower Credit
3,47,1.06,3.77,4.0,Upper Credit
3,47,2.31,3.05,1.64,Upper Credit
3,47,0.28,3.96,3.48,Upper Credit
3,47,1.38,2.76,3.75,Upper Credit
5,64,0.8,0.26,3.46,Lower Credit
5,64,2.06,2.95,1.69,Upper Credit
5,64,2.56,2.44,0.1,Lower Credit
5,64,3.27,3.02,0.93,Upper Credit
5,64,1.18,1.33,0.14,Lower Credit
10,69,0.18,3.93,0.91,Lower Credit
10,69,0.46,1.83,3.98,Upper Credit
10,69,2.38,0.23,3.7,Upper Credit
10,69,3.06,3.16,3.57,Distinction
10,69,0.78,3.34,0.31,Lower Credit
5,84,3.83,1.13,1.07,Upper Credit
5,84,0.91,1.56,3.61,Upper Credit
5,84,0.77,1.87,3.15,Lower Credit
5,84,3.99,2.14,3.97,Distinction
5,84,2.25,3.8,1.67,Upper Credit
6,35,0.34,1.61,3.31,Lower Credit
6,35,0.05,2.97,1.53,Lower Credit
6,35,0.89,0.81,2.8,Lower Credit
6,35,1.11,3.73,3.85,Upper Credit
6,35,2.6,1.3,2.23,Upper Credit
4,34,3.58,3.72,2.03,Distinction
4,34,2.46,1.41,1.55,Lower Credit
4,34,3.68,0.8,0.99,Lower Credit
4,34,0.91,3.71,3.89,Upper Credit
4,34,0.6,0.44,3.28,Lower Credit
4,27,0.94,3.34,2.18,Upper Credit
4,27,1.27,0.56,1.54,Lower Credit
4,27,2.22,3.1,3.18,Upper Credit
4,27,0.49,2.42,3.98,Upper Credit
4,27,0.39,1.68,1.33,Lower Credit
2,75,2.64,3.05,1.04,Upper Credit
2,75,2.13,2.75,0.28,Lower Credit
2,75,1.12,2.94,1.42,Lower Credit
2,75,1.45,3.27,2.18,Upper Credit
2,75,2.34,0.86,0.34,Lower Credit
7,83,1.34,3.23,0.01,Lower Credit
7,83,0.62,0.72,0.34,Lower Credit
7,83,3.57,3.06,2.72,Distinction
7,83,0.91,0.39,2.38,Lower Credit
7,83,3.56,3.3,2.91,Distinction
7,63,2.86,1.22,1.39,Lower Credit
7,63,2.18,3.63,0.95,Upper Credit
7,63,1.32,0.93,0.14,Lower Credit
7,63,3.6,3.78,0.83,Upper Credit
7,63,3.32,0.38,2.07,Lower Credit
3,64,1.63,1.9,3.9,Upper Credit
3,64,3.53,2.8,3.42,Distinction
3,64,0.47,0.06,2.94,Lower Credit
3,64,0.8,3.44,2.47,Upper Credit
3,64,0.45,2.51,0.35,Lower Credit
3,94,0.25,2.21,1.25,Lower Credit
3,94,2.08,3.58,1.95,Upper Credit
3,94,0.73,3.78,3.79,Upper Credit
3,94,0.4,0.34,1.7,Lower Credit
3,94,1.43,3.21,1.48,Upper Credit
2,67,2.63,1.38,0.99,Lower Credit
2,67,0.43,3.64,2.93,Upper Credit
2,67,1.11,3.55,3.01,Upper Credit
2,67,2.97,1.83,3.82,Upper Credit
2,67,0.31,3.65,3.7,Upper Credit
8,58,2.08,1.89,3.82,Upper Credit
8,58,3.2,0.4,2.93,Upper Credit
8,58,2.82,0.81,2.26,Lower Credit
8,58,0.86,0.43,3.31,Lower Credit
8,58,3.51,2.87,1.14,Upper Credit
2,66,2.14,1.88,0.38,Lower Credit
2,66,0.85,1.42,1.55,Lower Credit
2,66,3.11,1.66,1.57,Upper Credit
2,66,0.66,2.01,0.05,Lower Credit
2,66,1.62,2.92,2.01,Upper Credit
10,45,3.38,2.64,3.55,Distinction
10,45,3.89,2.64,3.85,Distinction
10,45,0.06,2.84,3.16,Upper Credit
10,45,0.88,0.91,3.11,Lower Credit
10,45,1.57,0.85,3.17,Lower Credit
2,43,1.27,2.89,3.21,Upper Credit
2,43,1.46,1.94,0.68,Lower Credit
2,43,0.55,1.67,2.77,Lower Credit
2,43,1.48,3.05,0.81,Lower Credit
2,43,0.18,2.37,2.63,Lower Credit
2,43,3.93,0.14,0.08,Lower Credit
2,43,2.63,0.04,3.03,Lower Credit
2,43,1.84,2.58,1.11,Lower Credit
2,43,1.75,0.44,2.43,Lower Credit
2,43,3.7,0.65,3.36,Upper Credit
4,58,3.76,0.68,3.36,Upper Credit
4,58,1.71,3.34,3.0,Upper Credit
4,58,1.88,1.5,0.93,Lower Credit
4,58,3.65,2.54,1.28,Upper Credit
4,58,1.89,3.86,3.61,Distinction
5,63,0.28,3.22,0.28,Lower Credit
5,63,1.59,0.59,2.96,Lower Credit
5,63,1.7,0.32,0.27,Lower Credit
5,63,3.31,0.52,1.6,Lower Credit
5,63,3.52,2.21,2.1,Upper Credit
9,83,0.81,1.62,0.91,Lower Credit
9,83,2.41,0.27,3.47,Upper Credit
9,83,2.27,3.13,3.98,Distinction
9,83,1.72,3.9,1.31,Upper Credit
9,83,3.34,3.37,2.82,Distinction
3,36,2.99,1.11,1.65,Lower Credit
3,36,0.19,2.39,0.9,Lower Credit
3,36,3.87,3.13,1.96,Upper Credit
3,36,3.23,2.62,0.05,Lower Credit
3,36,1.02,1.3,3.0,Lower Credit
4,97,2.98,3.58,0.58,Upper Credit
4,97,1.84,0.61,3.65,Upper Credit
4,97,2.66,2.8,0.58,Upper Credit
4,97,3.0,0.11,3.42,Upper Credit
4,97,1.26,0.77,0.16,Lower Credit
9,25,3.39,0.24,1.57,Lower Credit
9,25,1.55,0.08,0.65,Lower Credit
9,25,3.21,0.01,2.95,Upper Credit
9,25,1.15,0.61,1.02,Lower Credit
9,25,3.25,0.29,3.0,Upper Credit
6,92,2.79,1.68,0.76,Lower Credit
6,92,3.47,1.1,3.69,Upper Credit
6,92,1.15,3.21,1.41,Lower Credit
6,92,0.36,1.7,3.01,Lower Credit
6,92,2.59,0.13,1.1,Lower Credit
2,81,1.25,3.4,3.49,Upper Credit
2,81,2.79,1.1,0.42,Lower Credit
2,81,1.43,3.13,0.28,Lower Credit
2,81,1.25,2.6,2.85,Upper Credit
2,81,3.83,3.8,1.43,Distinction
4,49,0.75,3.09,3.5,Upper Credit
4,49,1.7,0.6,2.54,Lower Credit
4,49,1.96,3.74,3.33,Distinction
4,49,3.94,2.43,2.24,Upper Credit
4,49,3.81,1.29,2.64,Upper Credit
6,73,0.25,2.55,3.14,Lower Credit
6,73,2.19,2.93,2.11,Upper Credit
6,73,1.71,3.44,1.53,Upper Credit
6,73,3.48,3.7,0.08,Upper Credit
6,73,2.76,3.37,0.88,Upper Credit
10,61,0.71,0.15,0.83,Lower Credit
10,61,1.51,3.14,3.49,Upper Credit
10,61,1.48,3.75,3.0,Upper Credit
10,61,3.14,3.96,3.34,Distinction
10,61,1.06,1.39,3.32,Lower Credit
6,34,2.04,1.84,3.14,Upper Credit
6,34,0.71,1.97,1.64,Lower Credit
6,34,1.84,2.99,1.8,Upper Credit
6,34,1.77,0.03,1.64,Lower Credit
6,34,1.9,0.43,0.49,Lower Credit
10,69,0.25,3.29,1.25,Lower Credit
10,69,1.4,1.19,2.32,Lower Credit
10,69,3.7,3.79,2.77,Distinction
10,69,0.67,0.12,1.39,Lower Credit
10,69,1.61,3.31,2.91,Upper Credit
9,26,2.35,1.59,3.75,Upper Credit
9,26,0.34,0.23,0.51,Lower Credit
9,26,1.03,3.25,0.55,Lower Credit
9,26,3.73,2.46,1.81,Upper Credit
9,26,0.56,1.14,0.18,Lower Credit
7,49,2.44,2.68,3.51,Upper Credit
7,49,2.7,0.06,1.01,Lower Credit
7,49,1.88,1.27,0.48,Lower Credit
7,49,1.21,0.25,3.78,Lower Credit
7,49,2.67,1.13,0.88,Lower Credit
10,68,3.1,1.28,1.69,Upper Credit
10,68,2.93,3.27,1.18,Upper Credit
10,68,2.21,1.94,0.61,Lower Credit
10,68,3.5,3.0,0.25,Upper Credit
10,68,1.11,3.77,1.7,Upper Credit
3,89,1.09,0.72,3.19,Lower Credit
3,89,0.99,2.45,1.4,Lower Credit
3,89,2.1,3.49,3.51,Distinction
3,89,1.44,1.94,2.19,Lower Credit
3,89,1.39,3.35,3.51,Upper Credit
10,60,2.25,1.25,2.92,Upper Credit
10,60,0.04,2.46,2.89,Lower Credit
10,60,0.99,1.04,3.98,Upper Credit
10,60,2.83,0.46,1.41,Lower Credit
10,60,3.54,3.32,1.63,Upper Credit
9,49,1.74,2.24,3.79,Upper Credit
9,49,2.32,3.1,2.05,Upper Credit
9,49,3.96,1.67,1.92,Upper Credit
9,49,3.93,2.28,1.05,Upper Credit
9,49,3.59,1.28,3.28,Upper Credit
2,96,0.57,3.78,2.44,Upper Credit
2,96,2.84,0.7,2.83,Upper Credit
2,96,1.79,0.81,1.81,Lower Credit
2,96,0.42,1.88,2.62,Lower Credit
2,96,1.68,3.89,0.26,Lower Credit
9,64,3.47,0.86,3.01,Upper Credit
9,64,3.01,3.37,1.13,Upper Credit
9,64,1.24,3.59,1.29,Upper Credit
9,64,3.25,1.15,1.95,Upper Credit
9,64,0.31,1.09,0.28,Lower Credit
7,25,1.01,2.72,0.88,Lower Credit
7,25,2.6,3.3,1.42,Upper Credit
7,25,2.27,3.45,0.72,Upper Credit
7,25,0.8,3.94,2.28,Upper Credit
7,25,3.79,0.21,1.43,Lower Credit
5,64,3.81,1.75,1.69,Upper Credit
5,64,3.71,2.13,3.54,Distinction
5,64,0.08,0.68,2.9,Lower Credit
5,64,0.48,2.27,1.32,Lower Credit
5,64,3.86,1.71,2.84,Upper Credit
3,59,2.62,1.86,2.35,Upper Credit
3,59,1.79,3.65,1.01,Upper Credit
3,59,1.7,1.3,3.58,Upper Credit
3,59,3.23,1.56,0.21,Lower Credit
3,59,3.87,1.24,3.26,Upper Credit
10,49,3.04,0.9,2.78,Upper Credit
10,49,1.67,0.87,1.43,Lower Credit
10,49,2.74,0.21,0.5,Lower Credit
10,49,3.93,0.2,3.84,Upper Credit
10,49,1.43,1.02,3.07,Lower Credit
5,82,3.71,1.43,1.01,Upper Credit
5,82,2.95,2.75,0.42,Upper Credit
5,82,3.37,3.07,3.7,Distinction
5,82,0.91,1.3,2.17,Lower Credit
5,82,2.62,1.36,3.28,Upper Credit
4,72,2.38,0.71,2.08,Lower Credit
4,72,3.1,2.72,2.4,Upper Credit
4,72,1.14,3.92,1.21,Upper Credit
4,72,0.73,3.3,1.34,Lower Credit
4,72,1.67,3.67,1.3,Upper Credit
10,84,1.35,1.67,1.1,Lower Credit
10,84,1.25,0.67,1.61,Lower Credit
10,84,2.7,0.13,3.08,Lower Credit
10,84,3.86,1.31,3.96,Distinction
10,84,2.36,0.12,3.33,Lower Credit
9,59,1.02,0.98,2.77,Lower Credit
9,59,2.88,3.01,3.28,Distinction
9,59,0.8,3.01,1.83,Lower Credit
9,59,0.84,0.43,2.61,Lower Credit
9,59,0.85,1.49,2.67,Lower Credit
3,30,4.0,2.42,3.9,Distinction
3,30,1.04,0.28,1.08,Lower Credit
3,30,0.91,1.18,1.31,Lower Credit
3,30,3.49,3.44,2.74,Distinction
3,30,3.95,1.03,2.58,Upper Credit
8,44,0.08,1.84,0.51,Lower Credit
8,44,1.0,0.76,0.22,Lower Credit
8,44,1.67,0.87,2.78,Lower Credit
8,44,3.74,2.07,3.42,Distinction
8,44,0.42,1.21,1.46,Lower Credit
2,91,2.83,0.63,3.19,Upper Credit
2,91,3.6,0.29,2.73,Upper Credit
2,91,3.18,1.81,1.02,Upper Credit
2,91,1.15,2.3,0.91,Lower Credit
2,91,2.99,2.99,1.0,Upper Credit
9,51,0.4,3.34,2.09,Lower Credit
9,51,3.77,0.52,0.71,Lower Credit
9,51,2.93,2.25,3.04,Upper Credit
9,51,1.31,3.64,1.11,Upper Credit
9,51,2.88,3.64,0.33,Upper Credit
5,58,3.24,2.45,0.59,Upper Credit
5,58,0.05,3.73,3.79,Upper Credit
5,58,0.31,2.53,1.04,Lower Credit
5,58,2.04,3.98,3.82,Distinction
5,58,1.72,0.61,0.83,Lower Credit
10,95,3.38,1.12,2.78,Upper Credit
10,95,0.7,2.41,1.24,Lower Credit
10,95,3.53,2.13,2.17,Upper Credit
10,95,0.81,3.3,3.67,Upper Credit
10,95,2.06,1.87,3.59,Upper Credit
7,92,0.94,3.17,0.93,Lower Credit
7,92,1.65,1.99,3.55,Upper Credit
7,92,0.45,0.96,0.09,Lower Credit
7,92,0.48,1.23,3.71,Lower Credit
7,92,3.61,3.87,2.34,Distinction
2,27,3.7,1.86,0.28,Lower Credit
2,27,1.4,0.17,2.47,Lower Credit
2,27,2.9,2.88,1.15,Upper Credit
2,27,2.66,0.79,0.36,Lower Credit
2,27,0.17,2.6,2.27,Lower Credit
6,92,1.42,0.59,2.51,Lower Credit
6,92,0.75,0.78,1.74,Lower Credit
6,92,0.86,1.14,3.89,Lower Credit
6,92,3.76,1.25,2.03,Upper Credit
6,92,2.03,3.13,3.79,Upper Credit
6,47,1.96,2.81,2.9,Upper Credit
6,47,3.21,2.12,0.87,Upper Credit
6,47,1.36,0.23,1.0,Lower Credit
6,47,1.1,0.93,1.78,Lower Credit
6,47,0.24,0.05,1.14,Lower Credit
3,82,3.07,1.02,1.01,Lower Credit
3,82,1.75,3.46,0.69,Lower Credit
3,82,3.79,0.63,3.41,Upper Credit
3,82,1.77,1.43,1.44,Lower Credit
3,82,1.97,2.67,0.4,Lower Credit
2,41,0.27,2.45,3.05,Lower Credit
2,41,1.33,0.62,2.1,Lower Credit
2,41,1.97,3.97,2.65,Upper Credit
2,41,0.5,2.61,2.53,Lower Credit
2,41,3.89,2.92,2.21,Distinction
10,37,1.09,0.5,0.34,Lower Credit
10,37,2.63,1.14,3.3,Upper Credit
10,37,2.69,1.47,2.85,Upper Credit
10,37,2.0,3.87,1.82,Upper Credit
10,37,3.18,1.52,3.18,Upper Credit
2,82,2.78,3.03,1.69,Upper Credit
2,82,3.58,3.67,2.24,Distinction
2,82,2.44,0.13,0.78,Lower Credit
2,82,0.12,2.29,0.97,Lower Credit
2,82,0.8,1.39,3.28,Lower Credit
7,97,1.94,2.11,2.43,Upper Credit
7,97,1.4,1.53,0.26,Lower Credit
7,97,3.53,2.88,3.98,Distinction
7,97,1.3,0.09,2.41,Lower Credit
7,97,2.63,0.02,1.95,Lower Credit
3,57,3.18,1.03,2.9,Upper Credit
3,57,2.84,3.68,3.32,Distinction
3,57,2.69,2.16,0.66,Lower Credit
3,57,2.42,0.46,1.02,Lower Credit
3,57,3.99,1.68,1.01,Upper Credit
2,84,1.37,2.35,3.97,Upper Credit
2,84,2.07,1.83,0.15,Lower Credit
2,84,0.06,0.08,1.82,Lower Credit
2,84,2.12,3.36,0.88,Upper Credit
2,84,1.46,1.41,3.78,Upper Credit
4,63,2.55,3.02,1.89,Upper Credit
4,63,2.59,2.86,0.45,Lower Credit
4,63,1.63,2.39,0.8,Lower Credit
4,63,0.96,0.8,0.64,Lower Credit
4,63,0.37,0.14,3.65,Lower Credit
3,61,3.88,3.2,0.05,Upper Credit
3,61,1.2,0.07,1.85,Lower Credit
3,61,0.97,1.83,0.49,Lower Credit
3,61,2.31,1.63,1.87,Lower Credit
3,61,0.7,1.83,0.26,Lower Credit
4,93,1.14,2.67,2.87,Upper Credit
4,93,0.29,0.34,1.69,Lower Credit
4,93,1.09,3.47,2.6,Upper Credit
4,93,0.62,3.34,1.68,Lower Credit
4,93,3.4,0.76,0.98,Lower Credit
9,74,3.63,3.12,3.01,Distinction
9,74,1.67,3.23,3.98,Upper Credit
9,74,1.03,0.69,2.48,Lower Credit
9,74,2.14,2.15,3.75,Upper Credit
9,74,2.91,0.94,1.8,Lower Credit
9,97,1.01,3.14,3.49,Upper Credit
9,97,3.23,3.62,3.57,Distinction
9,97,3.84,2.65,3.5,Distinction
9,97,0.05,2.11,0.41,Lower Credit
9,97,2.92,1.12,1.96,Upper Credit
4,53,2.09,2.6,1.43,Upper Credit
4,53,0.34,1.3,0.21,Lower Credit
4,53,0.15,2.78,3.95,Upper Credit
4,53,3.24,2.49,0.34,Upper Credit
4,53,2.53,3.01,2.18,Upper Credit
7,40,3.36,1.59,1.31,Upper Credit
7,40,2.22,0.61,3.76,Upper Credit
7,40,1.96,0.61,0.19,Lower Credit
7,40,2.73,3.81,0.73,Upper Credit
7,40,2.99,3.93,3.29,Distinction
7,91,1.12,3.76,2.84,Upper Credit
7,91,1.38,0.46,0.39,Lower Credit
7,91,0.27,2.28,0.89,Lower Credit
7,91,3.73,3.68,3.79,Distinction
7,91,2.38,1.98,0.99,Lower Credit
10,72,2.01,1.35,0.09,Lower Credit
10,72,2.66,1.09,2.33,Upper Credit
10,72,0.56,2.59,2.83,Lower Credit
10,72,3.29,1.73,2.76,Upper Credit
10,72,3.08,1.92,0.59,Lower Credit
9,68,2.2,2.15,2.13,Upper Credit
9,68,1.3,0.94,1.58,Lower Credit
9,68,1.2,2.2,0.17,Lower Credit
9,68,1.13,0.08,3.95,Lower Credit
9,68,2.69,3.3,1.73,Upper Credit
9,88,2.72,0.54,0.99,Lower Credit
9,88,0.19,1.35,0.83,Lower Credit
9,88,0.9,0.47,1.71,Lower Credit
9,88,3.84,3.88,3.11,Distinction
9,88,3.78,3.53,3.26,Distinction
5,83,3.88,1.15,1.07,Upper Credit
5,83,0.97,0.02,2.64,Lower Credit
5,83,2.54,3.48,3.21,Distinction
5,83,3.29,1.17,3.33,Upper Credit
5,83,0.26,1.84,2.68,Lower Credit
10,54,2.95,2.01,0.29,Lower Credit
10,54,1.04,3.43,2.31,Upper Credit
10,54,1.54,1.12,3.08,Lower Credit
10,54,2.83,2.9,0.75,Upper Credit
10,54,3.31,3.68,2.57,Distinction
4,84,3.77,3.78,2.38,Distinction
4,84,1.25,1.74,2.03,Lower Credit
4,84,1.6,0.71,3.04,Lower Credit
4,84,2.95,0.48,1.98,Lower Credit
4,84,3.62,1.93,3.03,Upper Credit
8,39,1.84,1.02,1.37,Lower Credit
8,39,0.57,0.77,2.53,Lower Credit
8,39,3.45,2.42,3.12,Upper Credit
8,39,0.12,1.58,3.83,Lower Credit
8,39,3.12,3.39,3.84,Distinction
3,89,2.92,0.61,2.17,Lower Credit
3,89,1.83,2.25,3.93,Upper Credit
3,89,0.42,3.47,2.18,Upper Credit
3,89,3.4,1.86,1.0,Upper Credit
3,89,0.26,0.22,1.37,Lower Credit
3,40,2.27,2.22,3.08,Upper Credit
3,40,3.29,3.81,2.48,Distinction
3,40,2.02,1.02,2.96,Upper Credit
3,40,3.79,3.31,3.83,Distinction
3,40,0.68,3.09,1.59,Lower Credit
10,73,3.82,0.51,3.67,Upper Credit
10,73,1.81,1.92,3.76,Upper Credit
10,73,1.84,1.65,0.66,Lower Credit
10,73,2.89,0.66,3.44,Upper Credit
10,73,3.13,4.0,1.34,Upper Credit
7,30,0.03,2.13,2.43,Lower Credit
7,30,0.32,0.81,2.27,Lower Credit
7,30,2.3,0.91,3.68,Upper Credit
7,30,3.03,3.15,2.73,Upper Credit
7,30,0.63,2.78,3.43,Upper Credit
